"Data_point","Y.2006","Y.2007","Y.2008","Y.2009","Y.2010","Y.2011","Y.2012","Y.2013","company"
"SIZE",8.84,9.09,9.31,9.05,9.13,9.21,9.19,9.21,"AAK"
"Sales",10929,13005,17207,15884,14808,16695,16911,16537,"AAK"
"FSD",1,1,1,1,1,1,1,1,"AAK"
"FSTS",0.87,0.87,0.88,0.88,0.87,0.87,0.88,0.87,"AAK"
"Tobin's Q",1.85,1.27,1.18,1.41,1.49,1.46,1.76,2.25,"AAK"
"FXD",1,1,1,1,1,1,1,1,"AAK"
"Gross FXD",1384,2655,3587,1190,1217,1491,3041,4461,"AAK"
"DERIV",0.13,0.2,0.21,0.07,0.08,0.09,0.18,0.27,"AAK"
"R&D/sales",0.01,0.015,0.007,0.019,0.028,0.009,0.022,0.007,"AAK"
"Leverage",1.36,1.82,2.19,1.19,1,0.98,0.73,0.57,"AAK"
"Quick ratio",0.068,0.087,0.031,0.186,0.209,0.127,0.124,0.074,"AAK"
"Capex/sales",0.046,0.053,0.023,0.02,0.023,0.021,0.022,0.034,"AAK"
"ROA ",0.026,0.036,-4e-04,0.099,0.068,0.061,0.066,0.074,"AAK"
"DD",1,1,1,1,1,1,1,1,"AAK"
"ID",0,0,0,0,0,0,0,0,"AAK"
"DE",-203,-104,-131,-47,0,-19,-13,21,"AAK"
"DDE",0,0,0,0,0,0,0,1,"AAK"
"SIZE",6.14,6.19,6.16,6.21,6.22,6.76,6.55,6.64,"Active Biotech"
"Sales",66.4,12.1,53.5,10.8,11.4,234.6,227.9,116,"Active Biotech"
"FSD",1,1,1,1,1,1,1,1,"Active Biotech"
"FSTS",0.29,0.41,0.26,0.49,0.52,0.26,0.26,0.43,"Active Biotech"
"Tobin's Q",7.75,6.46,4.13,13.76,22.81,2.19,5.96,7.17,"Active Biotech"
"FXD",0,0,0,0,0,0,0,0,"Active Biotech"
"Gross FXD",0,0,0,0,0,0,0,0,"Active Biotech"
"DERIV",0,0,0,0,0,0,0,0,"Active Biotech"
"R&D/sales",2.5,15.68,3.88,19.63,19.06,1.36,1.65,2.66,"Active Biotech"
"Leverage",5.98,1.35,1.58,1.35,1.37,0.48,0.7,0.57,"Active Biotech"
"Quick ratio",0.67,2.84,2.4,2.52,1.64,3.81,1.7,2.72,"Active Biotech"
"Capex/sales",0.5,7.52,53.36,6.67,7.98,2.25,0.07,0.46,"Active Biotech"
"ROA ",-0.3,-0.42,-0.38,-0.45,-0.44,-0.11,-0.25,-0.28,"Active Biotech"
"DD",0,0,0,0,0,0,0,0,"Active Biotech"
"ID",0,0,0,0,0,0,0,0,"Active Biotech"
"DE",0,0,0,0,0,0,0,0,"Active Biotech"
"DDE",0,0,0,0,0,0,0,0,"Active Biotech"
"SIZE",9.84,10.05,10.28,10.17,10.21,10.45,10.46,10.46,"Alfa Laval"
"Sales",19802,24849,27850,26039,24720,28652,29813,29934,"Alfa Laval"
"FSD",1,1,1,1,1,1,1,1,"Alfa Laval"
"FSTS",0.96,0.96,0.97,0.97,0.97,0.97,0.97,0.97,"Alfa Laval"
"Tobin's Q",1.1,1.09,1.64,2.13,2.7,2.15,2.21,2.52,"Alfa Laval"
"FXD",1,1,1,1,1,1,1,1,"Alfa Laval"
"Gross FXD",6379,7179,10001,7711,6660,6500,6069,9111,"Alfa Laval"
"DERIV",0.32,0.29,0.36,0.3,0.27,0.23,0.2,0.3,"Alfa Laval"
"R&D/sales",0.027,0.026,0.026,0.025,0.025,0.023,0.024,0.024,"Alfa Laval"
"Leverage",0.32,0.44,0.35,0.16,0.1,0.35,0.42,0.29,"Alfa Laval"
"Quick ratio",0.081,0.101,0.101,0.145,0.167,0.167,0.149,0.145,"Alfa Laval"
"Capex/sales",0.019,0.022,0.027,0.017,0.017,0.019,0.018,0.017,"Alfa Laval"
"ROA ",0.092,0.137,0.131,0.104,0.115,0.094,0.092,0.087,"Alfa Laval"
"DD",1,1,1,1,1,1,1,1,"Alfa Laval"
"ID",0,0,0,0,0,0,0,0,"Alfa Laval"
"DE",-448,26,-515,551,122,-335,168,13,"Alfa Laval"
"DDE",0,1,0,1,1,0,1,1,"Alfa Laval"
"SIZE",4.23,4.43,4.09,4.37,4.48,4.69,4.93,6.45,"Arcam"
"Sales",47.3,76,58.3,74.5,90.5,107.7,139.1,199.4,"Arcam"
"FSD",1,1,1,1,1,1,1,1,"Arcam"
"FSTS",0.27,0.25,0.31,0.37,0.4,0.46,0.52,0.6,"Arcam"
"Tobin's Q",1.24,1.11,1.51,2.17,2.03,1.8,4.96,6.45,"Arcam"
"FXD",0,0,0,0,0,0,0,0,"Arcam"
"Gross FXD",0,0,0,0,0,0,0,0,"Arcam"
"DERIV",0,0,0,0,0,0,0,0,"Arcam"
"R&D/sales",0.298,0.201,0.221,0.17,0.134,0.123,0.113,0.056,"Arcam"
"Leverage",0,0,0,0,0,0,0,0,"Arcam"
"Quick ratio",0.9,0.66,0,0.75,0.82,0.89,0.49,6.21,"Arcam"
"Capex/sales",0.173,0.139,0.091,0.087,0.063,0.076,0.066,0.014,"Arcam"
"ROA ",-0.126,0.027,-0.343,-0.082,0.02,0.05,0.108,0.024,"Arcam"
"DD",0,0,0,0,0,0,0,0,"Arcam"
"ID",0,0,0,0,0,0,0,0,"Arcam"
"DE",0,0,0,0,0,0,0,0,"Arcam"
"DDE",0,0,0,0,0,0,0,0,"Arcam"
"SIZE",10.48,10.54,10.71,10.66,10.72,10.93,11.01,11.09,"ASSA ABLOY B"
"Sales",31137,33550,34829,34963,36823,41786,46619,48481,"ASSA ABLOY B"
"FSD",1,1,1,1,1,1,1,1,"ASSA ABLOY B"
"FSTS",0.95,0.95,0.96,0.96,0.95,0.94,0.94,0.94,"ASSA ABLOY B"
"Tobin's Q",2.15,1.84,1.3,1.73,2.07,1.73,2.06,2.48,"ASSA ABLOY B"
"FXD",1,1,1,1,1,1,1,1,"ASSA ABLOY B"
"Gross FXD",6202,6064,4312,3629,4974,9936,3940,8962,"ASSA ABLOY B"
"DERIV",0.2,0.18,0.12,0.1,0.14,0.24,0.08,0.18,"ASSA ABLOY B"
"R&D/sales",0.023,0.023,0.026,0.026,0.028,0.029,0.029,0.029,"ASSA ABLOY B"
"Leverage",0.99,0.83,0.74,0.57,0.51,0.62,0.61,0.68,"ASSA ABLOY B"
"Quick ratio",0.093,0.096,0.124,0.238,0.117,0.09,0.054,0.021,"ASSA ABLOY B"
"Capex/sales",0.024,0.022,0.024,0.019,0.019,0.02,0.012,0.025,"ASSA ABLOY B"
"ROA ",0.049,0.089,0.054,0.062,0.09,0.069,0.086,0.073,"ASSA ABLOY B"
"DD",1,1,1,1,1,1,1,1,"ASSA ABLOY B"
"ID",0,0,0,0,0,0,0,0,"ASSA ABLOY B"
"DE",-1326,-1205,2131,-826,-1249,327,-978,143,"ASSA ABLOY B"
"DDE",0,0,1,0,0,1,0,1,"ASSA ABLOY B"
"SIZE",10.92,10.94,11.23,11.13,11.18,11.23,11.3,11.38,"Atlas Copco"
"Sales",50512,63355,74177,63762,69875,81203,90533,83888,"Atlas Copco"
"FSD",1,1,1,1,1,1,1,1,"Atlas Copco"
"FSTS",0.977,0.976,0.975,0.975,0.977,0.977,0.977,0.977,"Atlas Copco"
"Tobin's Q",2.92,2.76,1.72,2.46,3.41,2.95,3.19,2.97,"Atlas Copco"
"FXD",1,1,1,1,1,1,1,1,"Atlas Copco"
"Gross FXD",62,692,1695,1298,321,467,458,439,"Atlas Copco"
"DERIV",0,0.01,0.02,0.02,0,0.01,0.01,0.01,"Atlas Copco"
"R&D/sales",0.022,0.02,0.02,0.022,0.022,0.022,0.022,0.025,"Atlas Copco"
"Leverage",0.27,1.35,0.91,0.42,0.19,0.49,0.27,0.19,"Atlas Copco"
"Quick ratio",1.09,0.18,0.25,0.67,0.75,0.23,0.58,0.72,"Atlas Copco"
"Capex/sales",0.055,0.047,0.049,0.038,0.032,0.046,0.044,0.045,"Atlas Copco"
"ROA ",0.28,0.13,0.14,0.09,0.14,0.17,0.17,0.14,"Atlas Copco"
"DD",1,1,1,1,1,1,1,1,"Atlas Copco"
"ID",1,1,1,1,1,1,1,1,"Atlas Copco"
"DE",3972,-2685,-3824,1381,1983,161,623,-713,"Atlas Copco"
"DDE",0,0,0,1,1,1,1,0,"Atlas Copco"
"SIZE",8.02,8.39,8.68,8.7,8.61,8.6,8.63,8.56,"B&B tools"
"Sales",5058,6823,9133,9325,7648,7885,8201,7666,"B&B tools"
"FSD",1,1,1,1,1,1,1,1,"B&B tools"
"FSTS",0.36,0.43,0.47,0.5,0.51,0.48,0.49,0.51,"B&B tools"
"Tobin's Q",1.92,2.1,1.58,0.92,1.23,1.25,0.94,1.06,"B&B tools"
"FXD",1,1,1,1,1,1,1,1,"B&B tools"
"Gross FXD",177,182,293,315,147,188,528,210,"B&B tools"
"DERIV",0.03,0.03,0.03,0.03,0.02,0.02,0.06,0.03,"B&B tools"
"R&D/sales",0,0,0,0,0,0,0,0,"B&B tools"
"Leverage",0.62,0.97,1.29,1.25,1.1,1.02,0.94,0.72,"B&B tools"
"Quick ratio",0.2,0.09,0.1,0.09,0.12,0.05,0.04,0.14,"B&B tools"
"Capex/sales",0.067,0.107,0.091,0.027,0.002,0.003,0.008,0.007,"B&B tools"
"ROA ",0.068,0.066,0.074,0.048,0.024,0.036,0.041,0.042,"B&B tools"
"DD",1,1,1,1,1,1,1,1,"B&B tools"
"ID",0,0,0,0,0,0,0,0,"B&B tools"
"DE",-12,-41,25,17,11,10,10,0,"B&B tools"
"DDE",0,0,1,1,1,1,1,0,"B&B tools"
"SIZE",7.1,7.21,7.29,7.24,7.59,7.7,7.78,7.84,"Beijer alma"
"Sales",1487,1654,1836,1571,2290,2830,2780,3067,"Beijer alma"
"FSD",1,1,1,1,1,1,1,1,"Beijer alma"
"FSTS",0.79,0.81,0.8,0.82,0.69,0.67,0.66,0.7,"Beijer alma"
"Tobin's Q",2.66,1.78,1.37,2.1,2.69,1.89,1.83,2.46,"Beijer alma"
"FXD",1,1,1,1,1,1,1,1,"Beijer alma"
"Gross FXD",249.6,295.8,241,380.6,330.5,314.7,189.3,371.8,"Beijer alma"
"DERIV",0.17,0.18,0.13,0.24,0.14,0.11,0.07,0.12,"Beijer alma"
"R&D/sales",0.008,0.008,0.008,0.009,0.006,0.006,0.003,0.003,"Beijer alma"
"Leverage",0.25,0.23,0.19,0.14,0.11,0.17,0.2,0.21,"Beijer alma"
"Quick ratio",0.52,0.38,0.5,0.54,0.61,0.44,0.46,0.38,"Beijer alma"
"Capex/sales",0.048,0.048,0.049,0.039,0.024,0.032,0.025,0.041,"Beijer alma"
"ROA ",0.16,0.15,0.15,0.12,0.15,0.14,0.12,0.11,"Beijer alma"
"DD",1,1,1,1,1,1,1,1,"Beijer alma"
"ID",1,1,1,1,1,1,1,1,"Beijer alma"
"DE",19.2,-29.3,-14.7,26.8,8.4,-18.6,0.6,-6.4,"Beijer alma"
"DDE",1,0,0,1,1,0,1,0,"Beijer alma"
"SIZE",7.34,7.59,7.7,8.3,8.29,8.54,8.52,8.54,"Beijer ref"
"Sales",2592,3136,3357,5263,4992,5846,6758,6595,"Beijer ref"
"FSD",1,1,1,1,1,1,1,1,"Beijer ref"
"FSTS",0.67,0.69,0.72,0.85,0.93,0.94,0.97,0.95,"Beijer ref"
"Tobin's Q",1.5,2.8,1.2,1.4,1.9,1.4,1.4,1.6,"Beijer ref"
"FXD",0,0,0,0,0,0,0,0,"Beijer ref"
"Gross FXD",0,0,0,0,0,0,0,0,"Beijer ref"
"DERIV",0,0,0,0,0,0,0,0,"Beijer ref"
"R&D/sales",0.00089,0.00223,0.00057,0.00019,0.00024,0,0,0,"Beijer ref"
"Leverage",1.05,0.96,0.73,0.34,0.24,0.58,0.61,0.58,"Beijer ref"
"Quick ratio",0.08,0.06,0.13,0.24,0.13,0.14,0.12,0.11,"Beijer ref"
"Capex/sales",0.013,0.092,0.027,0.215,0.007,0.172,0.013,0.009,"Beijer ref"
"ROA ",0.071,0.107,0.115,0.051,0.065,0.073,0.061,0.048,"Beijer ref"
"DD",1,1,1,1,1,1,1,1,"Beijer ref"
"ID",0,0,0,0,0,0,0,0,"Beijer ref"
"DE",0,0,0,0,0,0,0,0,"Beijer ref"
"DDE",0,0,0,0,0,0,0,0,"Beijer ref"
"SIZE",8.7,8.9,8.6,8.5,8.5,8.6,8.7,8.7,"Bilia"
"Sales",14056,15402,14280,13700,16257,18160,17662,17656,"Bilia"
"FSD",1,1,1,1,1,1,1,1,"Bilia"
"FSTS",0.38,0.37,0.38,0.39,0.36,0.33,0.37,0.34,"Bilia"
"Tobin's Q",1.1,1.1,0.8,1.1,1.3,1.1,1.1,1.4,"Bilia"
"FXD",0,0,0,0,0,0,0,0,"Bilia"
"Gross FXD",0,0,0,0,0,0,0,0,"Bilia"
"DERIV",0,0,0,0,0,0,0,0,"Bilia"
"R&D/sales",0,0,0,0,0,0,0,0,"Bilia"
"Leverage",0.29,1.12,0.95,0.41,0.35,0.49,0.39,0.39,"Bilia"
"Quick ratio",0.04,0.03,0.03,0.05,0.03,0.04,0.02,0.05,"Bilia"
"Capex/sales",0.005,0.009,0.003,0.008,0.016,0.018,0.036,0.046,"Bilia"
"ROA ",0.015,0.014,-0.02,0.024,0.08,0.076,0.027,0.048,"Bilia"
"DD",1,1,1,1,1,1,1,1,"Bilia"
"ID",0,0,0,0,0,0,0,0,"Bilia"
"DE",0,0,0,0,0,0,0,0,"Bilia"
"DDE",0,0,0,0,0,0,0,0,"Bilia"
"SIZE",4.5,4.7,5,5.2,5.4,5.6,6.2,5.9,"BioGaia"
"Sales",87,107,145,203.5,236,315,645.2,315.9,"BioGaia"
"FSD",1,1,1,1,1,1,1,1,"BioGaia"
"FSTS",0.448275862,0.700934579,0.613793103,0.545454545,0.779661017,0.676190476,0.785802852,0.721747388,"BioGaia"
"Tobin's Q",7.83,4.45,3.84,7.75,7.46,10.25,5.98,11.62,"BioGaia"
"FXD",0,0,0,0,0,0,0,0,"BioGaia"
"Gross FXD",0,0,0,0,0,0,0,0,"BioGaia"
"DERIV",0,0,0,0,0,0,0,0,"BioGaia"
"R&D/sales",0.22,0.17,0.16,0.13,0.12,0.11,0.06,0.13,"BioGaia"
"Leverage",0,0,0,0,0,0,0,0,"BioGaia"
"Quick ratio",2.5,2.7,2.6,5.3,3.6,3.5,10.4,3.5,"BioGaia"
"Capex/sales",0.01,0.02,0.02,0.01,0,0.05,0.04,0.05,"BioGaia"
"ROA ",0.03,0.18,0.23,0.2,0.21,0.29,0.64,0.17,"BioGaia"
"DD",1,1,1,1,1,1,1,1,"BioGaia"
"ID",0,0,0,0,0,0,0,0,"BioGaia"
"DE",0,0,0,0,0,0,0,0,"BioGaia"
"DDE",0,0,0,0,0,0,0,0,"BioGaia"
"SIZE",10.47,10.41,10.34,10.23,10.51,10.6,10.6,10.45,"Boliden"
"Sales",35213,33204,30987,27635,36716,40323,40001,34409,"Boliden"
"FSD",1,1,1,1,1,1,1,1,"Boliden"
"FSTS",0.81,0.78,0.75,0.78,0.75,0.81,0.83,0.82,"Boliden"
"Tobin's Q",1.88,1.28,0.64,1.32,1.51,1.16,1.28,1.11,"Boliden"
"FXD",1,1,1,1,1,1,1,1,"Boliden"
"Gross FXD",17159,6513,1731,8077,3312,10248,7796,6828,"Boliden"
"DERIV",0.49,0.2,0.06,0.29,0.09,0.25,0.19,0.2,"Boliden"
"R&D/sales",0.0061,0.0097,0.0122,0.0079,0.0078,0.0089,0.0107,0.0118,"Boliden"
"Leverage",0.19,0.5,0.47,0.51,0.29,0.33,0.33,0.41,"Boliden"
"Quick ratio",0.55,0.13,0.31,0.12,0.11,0.05,0.13,0.07,"Boliden"
"Capex/sales",0.052,0.076,0.149,0.178,0.079,0.099,0.104,0.144,"Boliden"
"ROA ",0.178,0.114,0.03,0.091,0.108,0.084,0.084,0.038,"Boliden"
"DD",1,1,1,1,1,1,1,1,"Boliden"
"ID",1,1,1,1,1,1,1,1,"Boliden"
"DE",6200,-5025,4149,-1867,-305,523,-147,728,"Boliden"
"DDE",1,0,1,0,0,1,0,1,"Boliden"
"SIZE",8.26,8.23,8,7.68,8,7.87,7.8,7.78,"Bure equity"
"Sales",2147,2648,1097,939,792,806,549,549,"Bure equity"
"FSD",1,1,1,1,1,1,1,1,"Bure equity"
"FSTS",0.3,0.28,0.33,0.36,0.28,0.28,0.28,0.31,"Bure equity"
"Tobin's Q",0.84,1.21,0.86,1.12,1.2,0.74,0.86,0.85,"Bure equity"
"FXD",0,0,0,0,0,0,0,0,"Bure equity"
"Gross FXD",0,0,0,0,0,0,0,0,"Bure equity"
"DERIV",0,0,0,0,0,0,0,0,"Bure equity"
"R&D/sales",0,0,0,0,0,0,0,0,"Bure equity"
"Leverage",0.1,0.08,0.08,0.12,0.17,0.05,0.05,0.03,"Bure equity"
"Quick ratio",0.35,0.68,2.63,0.29,2.4,1.68,1.69,0.71,"Bure equity"
"Capex/sales",0,0,0,0,0,0,0,0,"Bure equity"
"ROA ",0.228,0.279,0.295,0.021,0.146,0.021,-0.063,0.075,"Bure equity"
"DD",0,1,1,1,1,1,1,1,"Bure equity"
"ID",0,0,0,0,0,0,0,0,"Bure equity"
"DE",0,0,0,0,0,0,0,0,"Bure equity"
"DDE",0,0,0,0,0,0,0,0,"Bure equity"
"SIZE",7.8,7.84,7.79,7.86,7.68,6.57,8.14,8.52,"Catena"
"Sales",177,180,189,203,168,27,287,317,"Catena"
"FSD",1,1,1,1,1,1,1,1,"Catena"
"FSTS",0.35,0.37,0.39,0.35,0.35,0.11,0.19,0.22,"Catena"
"Tobin's Q",1.1,1.1,1,1.1,1.4,1.5,1,0.9,"Catena"
"FXD",0,0,0,0,0,0,0,0,"Catena"
"Gross FXD",0,0,0,0,0,0,0,0,"Catena"
"DERIV",0,0,0,0,0,0,0,0,"Catena"
"R&D/sales",0,0,0,0,0,0,0,0,"Catena"
"Leverage",1.6,1.2,1.7,1.5,1.2,1,0.4,1.8,"Catena"
"Quick ratio",0.25,0.76,0.79,1.34,0.2,3.76,0,1.27,"Catena"
"Capex/sales",0.032,0.025,0.005,0.016,0.024,0.1,0,0.004,"Catena"
"ROA ",0.105,0.085,-0.055,0.046,0.161,0.183,0.064,0.027,"Catena"
"DD",0,1,1,1,1,1,1,1,"Catena"
"ID",0,0,0,0,0,0,0,0,"Catena"
"DE",0,0,0,0,0,0,0,0,"Catena"
"DDE",0,0,0,0,0,0,0,0,"Catena"
"SIZE",9.58,9.53,9.72,9.58,9.63,9.53,9.73,9.33,"Cavotec"
"Sales",12132,12365,12347,12157,13514,11498,11648,13069,"Cavotec"
"FSD",1,1,1,1,1,1,1,1,"Cavotec"
"FSTS",0.89,0.86,0.83,0.9,0.74,0.86,0.78,0.75,"Cavotec"
"Tobin's Q",2.26,2.12,2.25,1.88,2.45,2.53,2.13,2.49,"Cavotec"
"FXD",0,0,0,0,0,0,0,0,"Cavotec"
"Gross FXD",0,0,0,0,0,0,0,0,"Cavotec"
"DERIV",0,0,0,0,0,0,0,0,"Cavotec"
"R&D/sales",0,0,0,0,0,0,0,0,"Cavotec"
"Leverage",0.55,0.29,0.32,0.33,0.24,0.53,0.49,0.31,"Cavotec"
"Quick ratio",0.096,0.148,0.114,0.119,0.115,0.085,0.119,0.105,"Cavotec"
"Capex/sales",0.017,0.02,0.011,0.017,0.017,0.025,0.016,0.01,"Cavotec"
"ROA ",0.13,0.14,0.1,0.14,0.12,0.14,0.14,0.19,"Cavotec"
"DD",1,1,1,1,1,1,1,1,"Cavotec"
"ID",1,1,1,1,1,1,1,1,"Cavotec"
"DE",0,0,0,0,0,0,0,0,"Cavotec"
"DDE",0,0,0,0,0,0,0,0,"Cavotec"
"SIZE",7.49,7.57,7.69,7.85,7.95,8.08,8.02,8.04,"Clas Ohlson"
"Sales",3568,4101,4662,4930,5556,5828,6260,6519,"Clas Ohlson"
"FSD",1,1,1,1,1,1,1,1,"Clas Ohlson"
"FSTS",0.4,0.43,0.45,0.5,0.5,0.51,0.53,0.54,"Clas Ohlson"
"Tobin's Q",5.77,5.37,3.25,2.8,3.32,2.43,2.46,2.18,"Clas Ohlson"
"FXD",1,1,1,1,1,1,1,1,"Clas Ohlson"
"Gross FXD",85,89,198,311,254,267.2,368,214,"Clas Ohlson"
"DERIV",0.02,0.02,0.04,0.06,0.05,0.05,0.06,0.03,"Clas Ohlson"
"R&D/sales",0,0,0,0,0,0,0,0,"Clas Ohlson"
"Leverage",0,0,0,0.18,0.16,0.34,0.02,0,"Clas Ohlson"
"Quick ratio",0.67,0.64,0.42,0.1,0.1,0.12,0.11,0.12,"Clas Ohlson"
"Capex/sales",0.04,0.03,0.05,0.09,0.06,0.05,0.03,0.03,"Clas Ohlson"
"ROA ",0.2,0.2,0.19,0.14,0.15,0.11,0.13,0.11,"Clas Ohlson"
"DD",1,1,1,1,1,1,1,1,"Clas Ohlson"
"ID",0,0,0,0,0,0,0,0,"Clas Ohlson"
"DE",-36,-19,6,10,19,-59,29,-34,"Clas Ohlson"
"DDE",0,0,1,1,1,0,1,0,"Clas Ohlson"
"SIZE",8.6,8.2,8.2,8.2,8.2,8.2,8.2,8.2,"Duni"
"Sales",3762,3985,4099,4220,3971,3807,3669,3803,"Duni"
"FSD",1,1,1,1,1,1,1,1,"Duni"
"FSTS",0.78,0.78,0.92,0.92,0.92,0.92,0.92,0.92,"Duni"
"Tobin's Q",1.28,1.27,0.9,1.28,1.27,1.12,1.22,1.49,"Duni"
"FXD",0,0,0,0,0,0,0,0,"Duni"
"Gross FXD",0,0,0,0,0,0,0,0,"Duni"
"DERIV",0,0,0,0,0,0,0,0,"Duni"
"R&D/sales",0.002,0.003,0.006,0.007,0.006,0.008,0.007,0.005,"Duni"
"Leverage",2.8,0.77,0.75,0.38,0.27,0.01,0.29,0.23,"Duni"
"Quick ratio",0.11,0.26,0.28,0.29,0.16,0.06,0.26,0.27,"Duni"
"Capex/sales",0,0.005,0.002,0.002,0.003,0.004,0.004,0.003,"Duni"
"ROA ",0.012,0.162,0.052,0.096,0.088,0.071,0.036,0.072,"Duni"
"DD",1,1,1,1,1,1,1,1,"Duni"
"ID",0,0,0,0,0,0,0,0,"Duni"
"DE",0,0,0,0,0,0,0,0,"Duni"
"DDE",0,0,0,0,0,0,0,0,"Duni"
"SIZE",11.1,11.1,11.2,11.19,11.21,11.24,11.23,11.24,"Electrolux B"
"Sales",103848,104732,104792,109132,106326,101598,109994,109151,"Electrolux B"
"FSD",1,1,1,1,1,1,1,1,"Electrolux B"
"FSTS",0.966,0.962,0.965,0.969,0.968,0.959,0.965,0.964,"Electrolux B"
"Tobin's Q",1.4,1.22,1.03,1.4,1.46,1.18,1.44,1.45,"Electrolux B"
"FXD",1,1,1,1,1,1,1,1,"Electrolux B"
"Gross FXD",25500,32813,34381,33430,35960,39230,45280,45790,"Electrolux B"
"DERIV",0.25,0.31,0.33,0.31,0.34,0.39,0.41,0.42,"Electrolux B"
"R&D/sales",0.013,0.014,0.015,0.015,0.019,0.02,0.024,0.025,"Electrolux B"
"Leverage",0.57,0.7,0.85,0.74,0.59,0.81,0.83,1.04,"Electrolux B"
"Quick ratio",0.151,0.162,0.208,0.271,0.289,0.185,0.175,0.162,"Electrolux B"
"Capex/sales",0.03,0.033,0.03,0.02,0.03,0.031,0.037,0.032,"Electrolux B"
"ROA ",0.04,0.04,0,0.04,0.05,0.03,0.03,0.01,"Electrolux B"
"DD",1,1,0,1,1,1,1,1,"Electrolux B"
"ID",0,0,0,0,0,0,0,0,"Electrolux B"
"DE",-134,-69,21,-112,-117,111,34,41,"Electrolux B"
"DDE",0,0,1,0,0,1,1,1,"Electrolux B"
"SIZE",9.8,9.8,9.7,9.8,9.3,9.2,9.1,9,"Eniro"
"Sales",6372,6443,6645,6581,5326,4323,3999,3660,"Eniro"
"FSD",1,1,1,1,1,1,1,1,"Eniro"
"FSTS",0.56,0.56,0.57,0.58,0.58,0.53,0.53,0.53,"Eniro"
"Tobin's Q",1.62,1.29,0.97,0.98,0.94,0.8,0.73,1.16,"Eniro"
"FXD",0,0,0,0,0,0,0,0,"Eniro"
"Gross FXD",0,0,0,0,0,0,0,0,"Eniro"
"DERIV",0,0,0,0,0,0,0,0,"Eniro"
"R&D/sales",0.02,0.03,0.03,0.04,0.05,0.08,0.08,0.07,"Eniro"
"Leverage",1.77,2.53,4.53,1.09,1.14,1.17,0.76,0.64,"Eniro"
"Quick ratio",0.16,0.22,0.11,0.13,0.17,0.22,0.1,0.06,"Eniro"
"Capex/sales",0.02,0.02,0.03,0.02,0.01,0.01,0.01,0.01,"Eniro"
"ROA ",0.058,0.071,-0.019,0.036,-0.436,-0.019,0.027,0.028,"Eniro"
"DD",1,1,0,0,0,0,0,0,"Eniro"
"ID",1,1,1,1,1,1,1,1,"Eniro"
"DE",0,0,0,0,0,0,0,0,"Eniro"
"DDE",0,0,0,0,0,0,0,0,"Eniro"
"SIZE",12.3,12.4,12.6,12.5,12.5,12.5,12.5,12.5,"Ericsson B"
"Sales",179821,187780,208930,206477,203348,226921,227779,227326,"Ericsson B"
"FSD",1,1,1,1,1,1,1,1,"Ericsson B"
"FSTS",0.957,0.955,0.958,0.98,0.979,0.983,0.978,0.981,"Ericsson B"
"Tobin's Q",2.48,1.44,1.16,1.26,1.37,1.29,1.26,1.42,"Ericsson B"
"FXD",1,1,1,1,1,1,1,1,"Ericsson B"
"Gross FXD",10449,7933,34800,13328,12224,7368,12728,6497,"Ericsson B"
"DERIV",0.06,0.04,0.17,0.06,0.06,0.03,0.06,0.03,"Ericsson B"
"R&D/sales",0.15,0.15,0.16,0.16,0.16,0.14,0.14,0.14,"Ericsson B"
"Leverage",0.179,0.249,0.287,0.291,0.247,0.287,0.279,0.28,"Ericsson B"
"Quick ratio",2.63,1.78,1.9,1.77,2.28,2.12,1.96,2.13,"Ericsson B"
"Capex/sales",0.018,0.017,0.015,0.015,0.016,0.014,0.014,0.02,"Ericsson B"
"ROA ",0.123,0.09,0.041,0.015,0.04,0.045,0.022,0.045,"Ericsson B"
"DD",1,1,1,1,1,1,1,1,"Ericsson B"
"ID",0,0,0,0,0,0,0,0,"Ericsson B"
"DE",2209,-806,-3888,3493,592,-1032,-1008,-821,"Ericsson B"
"DDE",1,0,0,1,1,0,0,0,"Ericsson B"
"SIZE",9,9.1,9.2,9.1,9.2,9.1,9.1,9.1,"Fagerhult"
"Sales",17752,15437,15550,15781,16332,14455,14623,15573,"Fagerhult"
"FSD",1,1,1,1,1,1,1,1,"Fagerhult"
"FSTS",0.79,0.76,0.89,0.78,0.81,0.99,0.98,0.88,"Fagerhult"
"Tobin's Q",1.58,1.13,1.28,1.99,1.85,1.69,1.18,1.78,"Fagerhult"
"FXD",1,1,1,1,1,1,1,1,"Fagerhult"
"Gross FXD",1976,1866,1473,3174,2166,1539,3260,2713,"Fagerhult"
"DERIV",0.11,0.12,0.09,0.2,0.13,0.11,0.22,0.17,"Fagerhult"
"R&D/sales",0,0,0,0,0,0,0,0,"Fagerhult"
"Leverage",1.04,0.83,1.33,1.46,1.43,1.27,1.07,1.09,"Fagerhult"
"Quick ratio",0.107,0.141,0.055,0.081,0.172,0.171,0.079,0.094,"Fagerhult"
"Capex/sales",0.031,0.035,0.025,0.021,0.02,0.033,0.034,0.026,"Fagerhult"
"ROA ",0.076,0.077,0.073,0.069,0.031,0.053,0.055,0.03,"Fagerhult"
"DD",1,1,1,1,1,1,1,1,"Fagerhult"
"ID",1,1,1,1,1,1,1,1,"Fagerhult"
"DE",-79,-116,-107,94,-117,-30,64,-83,"Fagerhult"
"DDE",0,0,0,1,0,0,1,0,"Fagerhult"
"SIZE",9.67,10.04,10.41,10.53,10.45,10.63,10.67,10.7,"Getinge B"
"Sales",13001,16445,19272,22816,22172,21854,24248,25287,"Getinge B"
"FSD",1,1,1,1,1,1,1,1,"Getinge B"
"FSTS",0.964,0.967,0.978,0.982,0.984,0.98,0.982,0.982,"Getinge B"
"Tobin's Q",2.57,2.23,1.24,1.43,1.59,1.65,1.87,1.81,"Getinge B"
"FXD",1,1,1,1,1,1,1,1,"Getinge B"
"Gross FXD",5664,7718,12193,12102,10619,11268,12144,11460,"Getinge B"
"DERIV",0.44,0.47,0.63,0.53,0.48,0.52,0.5,0.45,"Getinge B"
"R&D/sales",0.022,0.02,0.026,0.024,0.02,0.025,0.025,0.024,"Getinge B"
"Leverage",0.77,1.39,1.22,1.26,0.96,1.14,1.15,1.04,"Getinge B"
"Quick ratio",0.2,0.2,0.25,0.26,0.17,0.16,0.13,0.11,"Getinge B"
"Capex/sales",0.013,0.028,0.033,0.04,0.027,0.031,0.04,0.04,"Getinge B"
"ROA ",0.079,0.054,0.046,0.051,0.066,0.061,0.059,0.052,"Getinge B"
"DD",1,1,1,1,1,1,1,1,"Getinge B"
"ID",0,0,0,0,0,0,0,0,"Getinge B"
"DE",-58,-79,-806,1211,176,-722,-36,290,"Getinge B"
"DDE",0,0,0,1,1,0,0,1,"Getinge B"
"SIZE",10.48,10.64,10.84,10.9,10.99,11.01,11,11.09,"Hennes and Mauritz B"
"Sales",68400,78346,88532,101393,108483,109999,120799,128562,"Hennes and Mauritz B"
"FSD",1,1,1,1,1,1,1,1,"Hennes and Mauritz B"
"FSTS",0.92,0.93,0.93,0.94,0.94,0.94,0.95,0.95,"Hennes and Mauritz B"
"Tobin's Q",7.64,8.14,5.09,6.53,6.88,6.15,6.21,7.32,"Hennes and Mauritz B"
"FXD",1,1,1,1,1,1,1,1,"Hennes and Mauritz B"
"Gross FXD",3590,4479,24610,24636,21864,24103,25104,25953,"Hennes and Mauritz B"
"DERIV",0.05,0.06,0.28,0.24,0.2,0.22,0.21,0.2,"Hennes and Mauritz B"
"R&D/sales",0,0,0,0,0,0,0,0,"Hennes and Mauritz B"
"Leverage",0,0,0,0,0,0,0,0,"Hennes and Mauritz B"
"Quick ratio",1.41,1.82,1.91,1.72,1.21,0.97,1.01,0.8,"Hennes and Mauritz B"
"Capex/sales",0.029,0.045,0.002,0.001,0.001,0.001,0.05,0.062,"Hennes and Mauritz B"
"ROA ",0.3,0.33,0.3,0.3,0.32,0.26,0.28,0.26,"Hennes and Mauritz B"
"DD",1,1,1,1,1,1,1,1,"Hennes and Mauritz B"
"ID",0,0,0,0,0,0,0,0,"Hennes and Mauritz B"
"DE",-103,-41,72,-169,386,-113,-272,-61,"Hennes and Mauritz B"
"DDE",0,0,1,0,1,0,0,0,"Hennes and Mauritz B"
"SIZE",12,12,11.6,11.9,12.1,12.1,12.2,12.4,"Investor"
"Sales",6958,7127,7352,5456,2943,14674,16849,18569,"Investor"
"FSD",1,1,1,1,1,1,1,1,"Investor"
"FSTS",0.59,0.58,0.33,0.35,0.51,0.74,0.69,0.72,"Investor"
"Tobin's Q",0.8,0.72,0.74,0.71,0.66,0.65,0.76,0.79,"Investor"
"FXD",1,1,1,1,1,1,1,1,"Investor"
"Gross FXD",13388,16236,14388,17032,24301,39243,36878,44448,"Investor"
"DERIV",1.92,2.28,1.96,3.12,8.26,2.67,2.19,2.39,"Investor"
"R&D/sales",0,0,0,0,0.08,0.09,0.09,0.15,"Investor"
"Leverage",0.12,0.12,0.2,0.17,0.25,0.31,0.27,0.2,"Investor"
"Quick ratio",1.67,2.23,3.13,1.89,0.47,0.55,1.36,2.13,"Investor"
"Capex/sales",3.26,3.51,3.44,5.52,10.21,2.54,2.09,1.74,"Investor"
"ROA ",0.18,0,-0.35,0.22,0.17,-0.05,0.12,0.19,"Investor"
"DD",1,1,1,1,1,1,1,1,"Investor"
"ID",1,1,1,1,1,1,1,1,"Investor"
"DE",-409,-413,41,-357,209,-243,399,606,"Investor"
"DDE",0,0,1,0,1,0,1,1,"Investor"
"SIZE",10.8,11,10.5,10.9,11.1,11.2,11,11.1,"Kinnevik"
"Sales",6305,7673,7719,8397,8593,8789,8855,8880,"Kinnevik"
"FSD",1,1,1,1,1,1,1,1,"Kinnevik"
"FSTS",0.13,0.1,0.17,0.2,0.23,0.27,0.25,0.24,"Kinnevik"
"Tobin's Q",0.91,0.82,0.8,0.77,0.75,0.68,0.66,1.26,"Kinnevik"
"FXD",0,0,0,0,0,0,0,0,"Kinnevik"
"Gross FXD",0,0,0,0,0,0,0,0,"Kinnevik"
"DERIV",0,0,0,0,0,0,0,0,"Kinnevik"
"R&D/sales",0.012,0.008,0.008,0.006,0.009,0.009,0.006,0.012,"Kinnevik"
"Leverage",0.297,0.189,0.405,0.212,0.142,0.121,0.057,0.019,"Kinnevik"
"Quick ratio",0.04,0.04,0.2,0.09,0.09,0.05,0.16,0.56,"Kinnevik"
"Capex/sales",0.62,0.07,0.06,0.06,0.18,0.33,0.9,0.24,"Kinnevik"
"ROA ",0.24,0.26,-0.72,0.31,0.2,0.08,-0.05,0.13,"Kinnevik"
"DD",1,1,1,1,1,1,1,1,"Kinnevik"
"ID",1,1,1,1,1,1,1,1,"Kinnevik"
"DE",0,0,0,0,0,0,0,0,"Kinnevik"
"DDE",0,0,0,0,0,0,0,0,"Kinnevik"
"SIZE",9.78,9.95,10.14,9.95,9.77,9.76,10.01,10.26,"Lundin Petroleum"
"Sales",4414,5484,6393,6191,5794,8116,9318,7788,"Lundin Petroleum"
"FSD",1,1,1,1,1,1,1,1,"Lundin Petroleum"
"FSTS",0.98,0.975,0.967,0.988,0.991,0.976,0.986,0.993,"Lundin Petroleum"
"Tobin's Q",1.7,1.5,1,1.4,2.1,3.6,2.7,2.1,"Lundin Petroleum"
"FXD",1,1,1,1,1,1,1,1,"Lundin Petroleum"
"Gross FXD",13456,11756,10987,4444,3909,5369,4700,5224,"Lundin Petroleum"
"DERIV",3.05,2.14,1.72,0.72,0.67,0.66,0.5,0.67,"Lundin Petroleum"
"R&D/sales",0,0,0,0,0,0,0,0,"Lundin Petroleum"
"Leverage",0.13,0.25,0.34,0.45,0.48,0.21,0.35,1.01,"Lundin Petroleum"
"Quick ratio",0.24,0.27,0.22,0.3,0.25,0.18,0.23,0.19,"Lundin Petroleum"
"Capex/sales",0.63,0.78,0.64,0.64,0.47,0.54,0.68,1.45,"Lundin Petroleum"
"ROA ",0.045,0.045,0.012,-0.18,0.053,0.058,0.032,0.017,"Lundin Petroleum"
"DD",0,0,0,0,1,0,0,0,"Lundin Petroleum"
"ID",0,0,0,0,0,0,0,0,"Lundin Petroleum"
"DE",1790,1003,1524,-387,-320,-201,479,-259,"Lundin Petroleum"
"DDE",1,1,1,0,0,0,1,0,"Lundin Petroleum"
"SIZE",9.13,9.3,9.86,9.59,9.55,9.33,9.82,9.93,"Modern times group B"
"Sales",10136,11351,13166,12427,13101,13473,13336,14129,"Modern times group B"
"FSD",1,1,1,1,1,1,1,1,"Modern times group B"
"FSTS",0.82,0.75,0.84,0.82,0.79,0.75,0.82,0.8,"Modern times group B"
"Tobin's Q",3.72,3.22,1.11,2.23,2.68,2.54,1.57,1.83,"Modern times group B"
"FXD",1,1,1,1,1,1,1,1,"Modern times group B"
"Gross FXD",1700,2340,4800,3999,3765,2202,4900,4678,"Modern times group B"
"DERIV",0.17,0.21,0.36,0.32,0.29,0.16,0.37,0.33,"Modern times group B"
"R&D/sales",0,0,0,0,0,0,0,0,"Modern times group B"
"Leverage",0.05,0.09,0.52,0.66,0.46,0.38,0.21,0.36,"Modern times group B"
"Quick ratio",0.17,0.112,0.195,0.154,0.112,0.099,0.077,0.071,"Modern times group B"
"Capex/sales",0.034,0.029,0.013,0.013,0.012,0.009,0.011,0.023,"Modern times group B"
"ROA ",0.163,0.13,0.152,0.127,0.173,0.228,0.116,0.092,"Modern times group B"
"DD",1,1,1,1,1,1,1,1,"Modern times group B"
"ID",0,0,0,0,0,0,0,0,"Modern times group B"
"DE",-454,-625,-708,-325,-1696,-1415,-2112,-2506,"Modern times group B"
"DDE",0,0,0,0,0,0,0,0,"Modern times group B"
"SIZE",7.44,7.32,7.54,7.25,6.57,7.37,7.29,7.25,"Mycronic"
"Sales",1204,523,1194,1052,1288,1197,1354,997,"Mycronic"
"FSD",1,1,1,1,1,1,1,1,"Mycronic"
"FSTS",1,0.99,1,1,0.98,0.97,0.98,0.98,"Mycronic"
"Tobin's Q",2.12,1.24,0.48,0.92,1.59,0.96,0.89,1.03,"Mycronic"
"FXD",1,1,1,1,1,1,1,1,"Mycronic"
"Gross FXD",571,451,227,421,375,440,221,130,"Mycronic"
"DERIV",0.47,0.86,0.19,0.4,0.29,0.37,0.16,0.13,"Mycronic"
"R&D/sales",0.21,0.53,0.23,0.29,0.25,0.24,0.21,0.18,"Mycronic"
"Leverage",0.266,0.271,0.135,0.018,0.009,0.006,0.002,0,"Mycronic"
"Quick ratio",1.89,1.15,1.26,0.91,1.58,1.63,2.05,2.22,"Mycronic"
"Capex/sales",0.03,0.07,0.07,0,0,0.01,0,0.03,"Mycronic"
"ROA ",0.054,-0.191,-0.069,-0.129,0.103,-0.036,-0.01,0.026,"Mycronic"
"DD",1,1,1,1,1,1,1,1,"Mycronic"
"ID",1,1,1,1,1,1,1,1,"Mycronic"
"DE",-13,-11,7,-6,-4,6,-19,-17,"Mycronic"
"DDE",0,0,1,0,0,1,0,0,"Mycronic"
"SIZE",11.1,11.36,10.64,10.77,11.41,11.5,11.55,11.45,"Sandvik"
"Sales",72289,86338,92654,71937,82654,94084,98529,87328,"Sandvik"
"FSD",1,1,1,1,1,1,1,1,"Sandvik"
"FSTS",0.968,0.974,0.949,0.953,0.954,0.955,0.961,0.961,"Sandvik"
"Tobin's Q",2.39,2.19,1.51,2.51,2.35,1.69,1.93,1.85,"Sandvik"
"FXD",1,1,1,1,1,1,1,1,"Sandvik"
"Gross FXD",9958,11000,5150,5900,6300,8456,9500,7310,"Sandvik"
"DERIV",0.14,0.13,0.06,0.08,0.08,0.09,0.1,0.08,"Sandvik"
"R&D/sales",0.022,0.021,0.022,0.028,0.025,0.026,0.013,0.015,"Sandvik"
"Leverage",0.68,1.07,0.61,0.96,0.87,1.14,1.26,1.05,"Sandvik"
"Quick ratio",0.072,0.07,0.334,0.544,0.194,0.222,0.574,0.235,"Sandvik"
"Capex/sales",0.058,0.056,0.072,0.056,0.041,0.053,0.049,0.048,"Sandvik"
"ROA ",0.123,0.112,0.187,-0.054,0.077,0.059,0.078,0.053,"Sandvik"
"DD",1,1,1,1,1,1,1,1,"Sandvik"
"ID",0,0,0,0,0,0,0,0,"Sandvik"
"DE",-1024,785,-457,399,453,-458,140,-205,"Sandvik"
"DDE",0,1,0,1,1,0,1,0,"Sandvik"
"SIZE",11.8,11.9,12,11.9,11.9,11.8,11.8,11.9,"SCA B"
"Sales",101439,105913,110449,109358,82731,81337,85408,89019,"SCA B"
"FSD",1,1,1,1,1,1,1,1,"SCA B"
"FSTS",0.93,0.93,0.93,0.95,0.9,0.91,0.93,0.94,"SCA B"
"Tobin's Q",1.19,1.12,0.88,1,1.05,1.08,1.3,1.54,"SCA B"
"FXD",1,1,1,1,1,1,1,1,"SCA B"
"Gross FXD",24625,21180,22636,26794,25051,29626,24789,26738,"SCA B"
"DERIV",0.24,0.2,0.2,0.25,0.3,0.36,0.29,0.3,"SCA B"
"R&D/sales",0.0055,0.0056,0.0055,0.0067,0.0086,0.0102,0.0099,0.0112,"SCA B"
"Leverage",0.66,0.67,0.8,0.67,0.55,0.62,0.58,0.61,"SCA B"
"Quick ratio",0.04,0.07,0.15,0.14,0.05,0.09,0.06,0.11,"SCA B"
"Capex/sales",0.065,0.056,0.058,0.053,0.061,0.062,0.058,0.059,"SCA B"
"ROA ",0.041,0.049,0.035,0.032,0.039,0.004,0.038,0.039,"SCA B"
"DD",1,1,1,1,1,1,1,1,"SCA B"
"ID",0,0,0,0,0,0,0,0,"SCA B"
"DE",-333,-268,504,1498,5105,-713,641,-471,"SCA B"
"DDE",0,0,1,1,1,0,1,0,"SCA B"
"SIZE",10.48,10.58,10.48,10.4,10.4,10.51,10.56,10.53,"Securitas B"
"Sales",60523,62907,56571,62666,61339,64057,66458,65700,"Securitas B"
"FSD",1,1,1,1,1,1,1,1,"Securitas B"
"FSTS",0.92,0.92,0.94,0.94,0.93,0.94,0.94,0.94,"Securitas B"
"Tobin's Q",1.66,1.48,1.42,1.51,1.6,1.34,1.31,1.42,"Securitas B"
"FXD",1,1,1,1,1,1,1,1,"Securitas B"
"Gross FXD",4890,4589,1666,1646,2001,2105,1386,1754,"Securitas B"
"DERIV",0.08,0.07,0.03,0.03,0.03,0.03,0.02,0.03,"Securitas B"
"R&D/sales",0,0,0,0,0,0,0,0,"Securitas B"
"Leverage",1.24,1.1,1.16,1.07,0.94,0.89,1.2,1.05,"Securitas B"
"Quick ratio",0.1,0.22,0.23,0.2,0.19,0.16,0.28,0.3,"Securitas B"
"Capex/sales",0.011,0.013,0.017,0.015,0.015,0.016,0.016,0.012,"Securitas B"
"ROA ",0.024,0.013,0.065,0.065,0.063,0.047,0.031,0.05,"Securitas B"
"DD",1,1,1,1,1,1,1,1,"Securitas B"
"ID",0,0,0,0,0,0,0,0,"Securitas B"
"DE",-341,54.3,-263,311.7,414.2,39.3,-2.8,-197.4,"Securitas B"
"DDE",0,1,0,1,1,1,0,0,"Securitas B"
"SIZE",11.17,11.28,11.37,11.34,11.26,11.32,11.15,11.38,"Skanska B"
"Sales",125603,138781,143674,139124,122224,118734,129350,136488,"Skanska B"
"FSD",1,1,1,1,1,1,1,1,"Skanska B"
"FSTS",0.75,0.74,0.76,0.8,0.77,0.74,0.76,0.75,"Skanska B"
"Tobin's Q",1.52,1.38,1.16,1.36,1.44,1.33,1.35,1.37,"Skanska B"
"FXD",1,1,1,1,1,1,1,1,"Skanska B"
"Gross FXD",4939,5234,6204,11456,12133,10796,9785,6698,"Skanska B"
"DERIV",0.04,0.04,0.04,0.08,0.1,0.09,0.08,0.05,"Skanska B"
"R&D/sales",0.00057,0.00054,0.00049,0.00042,0.00035,0.00035,0.00088,0.00154,"Skanska B"
"Leverage",0.8,0.94,0.73,0.78,0.71,0.69,0.68,0.7,"Skanska B"
"Quick ratio",0.24,0.26,0.13,0.16,0.13,0.09,0.1,0.13,"Skanska B"
"Capex/sales",0.016,0.014,0.018,0.012,0.017,0.019,0.02,0.016,"Skanska B"
"ROA ",0.051,0.052,0.036,0.05,0.052,0.092,0.041,0.043,"Skanska B"
"DD",1,1,1,1,1,1,1,1,"Skanska B"
"ID",0,0,0,0,0,0,0,0,"Skanska B"
"DE",756,-1345,-456,-391,490,-1220,78,727,"Skanska B"
"DDE",1,0,0,0,1,0,1,1,"Skanska B"
"SIZE",10.75,10.76,10.93,10.84,10.9,10.99,11.01,11.17,"SKF B"
"Sales",53101,58559,63361,56227,61029,66216,64575,63597,"SKF B"
"FSD",1,1,1,1,1,1,1,1,"SKF B"
"FSTS",0.979,0.95,0.965,0.972,0.969,0.968,0.973,0.972,"SKF B"
"Tobin's Q",1.68,1.61,1.28,1.74,2.24,1.74,1.85,1.78,"SKF B"
"FXD",1,1,1,1,1,1,1,1,"SKF B"
"Gross FXD",5190,6100,4890,5044,8932,8744,8015,7821,"SKF B"
"DERIV",0.1,0.1,0.08,0.09,0.15,0.13,0.12,0.12,"SKF B"
"R&D/sales",0.016,0.015,0.019,0.022,0.019,0.022,0.025,0.029,"SKF B"
"Leverage",0.65,0.68,0.94,0.82,0.84,0.82,0.88,1.23,"SKF B"
"Quick ratio",0.6,0.23,0.2,0.31,0.18,0.36,0.59,0.32,"SKF B"
"Capex/sales",0.036,0.033,0.04,0.035,0.027,0.028,0.03,0.027,"SKF B"
"ROA ",0.095,0.101,0.085,0.033,0.097,0.105,0.079,0.015,"SKF B"
"DD",1,1,1,1,1,1,1,1,"SKF B"
"ID",1,1,1,1,1,1,1,1,"SKF B"
"DE",-3765,2456,-2259,-888,-616,-1336,144,-39,"SKF B"
"DDE",0,0,0,0,0,0,1,0,"SKF B"
"SIZE",10.03,11.43,11.15,11.01,11.02,11.06,10.98,10.93,"SSAB A"
"Sales",31054,40441,54329,29838,39883,44640,38923,35022,"SSAB A"
"FSD",1,1,1,1,1,1,1,1,"SSAB A"
"FSTS",0.64,0.87,0.75,0.76,0.78,0.79,0.8,0.8,"SSAB A"
"Tobin's Q",2.01,1.3,0.81,1.15,1.11,0.82,0.82,0.8,"SSAB A"
"FXD",1,1,1,1,1,1,1,1,"SSAB A"
"Gross FXD",5339,8850,6574,4769,5496,6223,4967,5214,"SSAB A"
"DERIV",0.17,0.22,0.12,0.16,0.14,0.14,0.13,0.15,"SSAB A"
"R&D/sales",0,0,0,0.0067,0.0048,0.005,0.006,0.0058,"SSAB A"
"Leverage",0.11,1.55,0.57,0.62,0.67,0.68,0.68,0.69,"SSAB A"
"Quick ratio",0.28,0.13,0.29,0.42,0.15,0.17,0.43,0.23,"SSAB A"
"Capex/sales",0.05,1.42,0.05,0.06,0.05,0.07,0.04,0.02,"SSAB A"
"ROA ",0.187,0.05,0.1,-0.017,0.009,0.025,3e-04,-0.019,"SSAB A"
"DD",1,1,1,1,1,1,1,0,"SSAB A"
"ID",0,0,0,0,0,0,0,0,"SSAB A"
"DE",-1456,-1985,-2762,443,780,-257,526,8,"SSAB A"
"DDE",0,0,0,1,1,0,1,1,"SSAB A"
"SIZE",7.6,7.8,8,8.1,8,8.1,8.4,8.7,"Sweco "
"Sales",3895,4570,5529,5339,5272,5988,7503,8199,"Sweco "
"FSD",1,1,1,1,1,1,1,1,"Sweco "
"FSTS",0.5,0.52,0.46,0.51,0.44,0.43,0.48,0.42,"Sweco "
"Tobin's Q",2.75,2.91,1.6,2.07,2.33,2.15,2.07,2.34,"Sweco "
"FXD",0,0,0,0,0,0,0,0,"Sweco "
"Gross FXD",0,0,0,0,0,0,0,0,"Sweco "
"DERIV",0,0,0,0,0,0,0,0,"Sweco "
"R&D/sales",0,0,0,0,0,0,0,0,"Sweco "
"Leverage",0.13,0.22,0.11,0.09,0.1,0.05,0.46,1.01,"Sweco "
"Quick ratio",0.23,0.14,0.22,0.39,0.27,0.14,0.17,0.12,"Sweco "
"Capex/sales",0.021,0.021,0.023,0.016,0.015,0.02,0.021,0.015,"Sweco "
"ROA ",0.126,0.124,0.134,0.094,0.1,0.115,0.099,0.063,"Sweco "
"DD",1,1,1,1,1,1,1,1,"Sweco "
"ID",0,0,0,0,0,0,0,0,"Sweco "
"DE",0,0,0,0,0,0,0,0,"Sweco "
"DDE",0,0,0,0,0,0,0,0,"Sweco "
"SIZE",9.66,9.71,9.82,9.7,9.6,9.58,9.57,9.61,"Swedish match"
"Sales",12273,11970,12611,14204,13606,11666,12486,12610,"Swedish match"
"FSD",1,1,1,1,1,1,1,1,"Swedish match"
"FSTS",0.61,0.61,0.62,0.63,0.58,0.46,0.46,0.44,"Swedish match"
"Tobin's Q",2.71,2.05,1.31,1.8,2.37,3.09,2.55,2.27,"Swedish match"
"FXD",1,1,1,1,1,1,1,1,"Swedish match"
"Gross FXD",5201,7336,7336,6936,7081,6846,6104,5931,"Swedish match"
"DERIV",0.42,0.61,0.58,0.49,0.52,0.59,0.49,0.47,"Swedish match"
"R&D/sales",0.0077,0.0069,0.007,0.0068,0.0071,0.0069,0.0079,0.0079,"Swedish match"
"Leverage",1.05,0.48,0.4,0.42,0.51,0.58,0.57,0.43,"Swedish match"
"Quick ratio",0.77,0.67,0.73,0.57,0.94,0.54,0.66,0.84,"Swedish match"
"Capex/sales",0.024,0.044,0.025,0.033,0.023,0.021,0.02,0.024,"Swedish match"
"ROA ",0.15,0.12,0.12,0.19,0.2,0.17,0.2,0.18,"Swedish match"
"DD",1,1,1,1,1,1,1,1,"Swedish match"
"ID",0,0,0,0,0,0,0,0,"Swedish match"
"DE",-109,-351,-184,66,34,-22,-16,-28,"Swedish match"
"DDE",0,0,0,1,1,0,0,0,"Swedish match"
"SIZE",11.1,10.79,10.76,10.67,10.65,10.76,10.8,10.59,"Tele2 B"
"Sales",38530,38930,38272,32296,30443,29538,30742,29871,"Tele2 B"
"FSD",1,1,1,1,1,1,1,1,"Tele2 B"
"FSTS",0.71,0.71,0.7,0.86,0.92,0.94,0.59,0.58,"Tele2 B"
"Tobin's Q",1.23,1.64,1.05,1.46,1.78,1.82,1.65,1.28,"Tele2 B"
"FXD",1,1,1,1,1,1,1,1,"Tele2 B"
"Gross FXD",14325,11536,3580,1400,1198,12295,14898,6837,"Tele2 B"
"DERIV",0.37,0.3,0.09,0.04,0.04,0.42,0.48,0.23,"Tele2 B"
"R&D/sales",0,0,0,0,0,0,0,0,"Tele2 B"
"Leverage",0.59,0.27,0.34,0.11,0.09,0.66,0.83,0.41,"Tele2 B"
"Quick ratio",0.16,0.12,0.16,0.08,0.09,0.09,0.12,0.11,"Tele2 B"
"Capex/sales",0.14,0.13,0.12,0.15,0.13,0.21,0.17,0.19,"Tele2 B"
"ROA ",-0.004,-0.004,0.036,0.08,0.098,0.044,0.02,0.016,"Tele2 B"
"DD",1,1,1,1,1,1,1,1,"Tele2 B"
"ID",0,0,0,0,0,0,0,0,"Tele2 B"
"DE",-4321,-3146,2813,-2079,-4300,-233,1479,2028,"Tele2 B"
"DDE",0,0,1,0,0,0,1,1,"Tele2 B"
"SIZE",12.2,12.29,12.48,12.5,12.43,12.44,12.44,12.44,"TeliaSonera"
"Sales",91060,96344,103585,109550,106979,104804,104898,101700,"TeliaSonera"
"FSD",1,1,1,1,1,1,1,1,"TeliaSonera"
"FSTS",0.601,0.626,0.654,0.665,0.657,0.652,0.65,0.65,"TeliaSonera"
"Tobin's Q",1.63,1.67,1.13,1.33,1.43,1.32,1.32,1.47,"TeliaSonera"
"FXD",1,1,1,1,1,1,1,1,"TeliaSonera"
"Gross FXD",19827,20231,6149,7900,10905,9990,7281,7233,"TeliaSonera"
"DERIV",0.22,0.21,0.06,0.07,0.1,0.1,0.07,0.07,"TeliaSonera"
"R&D/sales",0.0202,0.018,0.0114,0.0092,0.0075,0.0048,0.0036,0.0029,"TeliaSonera"
"Leverage",0.22,0.34,0.47,0.5,0.49,0.65,0.84,0.8,"TeliaSonera"
"Quick ratio",0.38,0.26,0.28,0.62,0.47,0.35,0.84,0.87,"TeliaSonera"
"Capex/sales",0.12,0.14,0.15,0.13,0.14,0.17,0.15,0.16,"TeliaSonera"
"ROA ",0.097,0.094,0.081,0.079,0.094,0.084,0.084,0.066,"TeliaSonera"
"DD",1,1,1,1,1,1,1,1,"TeliaSonera"
"ID",0,0,0,0,0,0,0,0,"TeliaSonera"
"DE",-561,-379,-331,89,63,-118,28,334,"TeliaSonera"
"DDE",0,0,0,1,1,0,1,1,"TeliaSonera"
"SIZE",12.46,12.68,12.83,12.71,12.67,12.77,12.73,12.75,"Volvo "
"Sales",258835,285405,305113,218469,264715,310348,300410,272766,"Volvo "
"FSD",1,1,1,1,1,1,1,1,"Volvo "
"FSTS",0.947,0.951,0.953,0.952,0.953,0.955,0.96,0.967,"Volvo "
"Tobin's Q",0.8,1.45,1.03,1.2,1.55,1.22,1.3,1.3,"Volvo "
"FXD",1,1,1,1,1,1,1,1,"Volvo "
"Gross FXD",123253,40800,53789,18150,15362,26666,47796,25425,"Volvo "
"DERIV",0.48,0.14,0.18,0.08,0.06,0.09,0.16,0.09,"Volvo "
"R&D/sales",0.0323,0.0387,0.047,0.0604,0.049,0.0428,0.0492,0.0597,"Volvo "
"Leverage",0.87,1.57,2.1,2.82,1.98,1.79,1.92,2.15,"Volvo "
"Quick ratio",0.31,0.23,0.15,0.31,0.25,0.25,0.21,0.2,"Volvo "
"Capex/sales",0.05,0.05,0.06,0.07,0.06,0.06,0.08,0.08,"Volvo "
"ROA ",0.063,0.047,0.027,-0.044,0.035,0.051,0.033,0.011,"Volvo "
"DD",1,1,1,0,1,1,1,1,"Volvo "
"ID",1,1,1,1,1,1,1,1,"Volvo "
"DE",1364,202,-1077,-392,-351,25,223,274,"Volvo "
"DDE",1,1,-1,-1,-1,1,1,1,"Volvo "
"SIZE",7.7,7.9,8.2,8.2,8.3,8.3,8.9,8.9,"ÅF B"
"Sales",3114,3862,4569,4678,4334,5124,5796,8337,"ÅF B"
"FSD",1,1,1,1,1,1,1,1,"ÅF B"
"FSTS",0.26,0.25,0.3,0.35,0.32,0.34,0.3,0.25,"ÅF B"
"Tobin's Q",1.56,1.54,1.09,1.42,1.6,1.32,1.35,1.71,"ÅF B"
"FXD",0,0,0,0,0,0,0,0,"ÅF B"
"Gross FXD",0,0,0,0,0,0,0,0,"ÅF B"
"DERIV",0,0,0,0,0,0,0,0,"ÅF B"
"R&D/sales",0,0,0,0,0,0,0,0,"ÅF B"
"Leverage",0.28,0.29,0.27,0.21,0.12,0.09,0.4,0.4,"ÅF B"
"Quick ratio",0.26,0.26,0.19,0.22,0.23,0.25,0.2,0.08,"ÅF B"
"Capex/sales",0.014,0.012,0.028,0.006,0.008,0.01,0.006,0.008,"ÅF B"
"ROA ",0.047,0.079,0.091,0.077,0.182,0.076,0.047,0.074,"ÅF B"
"DD",1,1,1,1,1,1,1,1,"ÅF B"
"ID",0,0,0,0,0,0,0,0,"ÅF B"
"DE",0,0,0,0,0,0,0,0,"ÅF B"
"DDE",0,0,0,0,0,0,0,0,"ÅF B"
"Total Assets",6933,8857,11078,8513,9252,9974,9760,10045,"AAK"
"Foreign sales",9546,11342,15107,13911,12852,14547,14800,14457,"AAK"
"BV equity",2319,2443,2383,2949,3188,3565,3923,4364,"AAK"
"Cash",129,167,105,322,540,331,330,213,"AAK"
"Gross nominal value",1384,2655,3587,1190,1217,1491,3041,4461,"AAK"
"R&D expenses",111,190,121,307,409,146,376,119,"AAK"
"Total debt",3156,4457,5220,3502,3182,3484,2857,2497,"AAK"
"Capex",501,685,396,316,335,350,374,555,"AAK"
"Net income",177,319,-4,843,626,604,647,741,"AAK"
"Short term liabilities",1898,1925,3368,1727,2578,2610,2667,2884,"AAK"
"No of shares (millions)",41,41,41,41,41,41,41,41,"AAK"
"Share price 31/12 (est = x cost of EQ - dividend)",201,117,106,157,188.5,199.5,276,412,"AAK"
"Capitalization",8241,4797,4346,6437,7728.5,8179.5,11316,16892,"AAK"
"Total Assets",462.4,489.5,472.9,498.5,503.1,858.5,696.7,767.8,"Active Biotech"
"Foreign sales",19,5,14,5.3,5.9,61,59,50.4,"Active Biotech"
"BV equity",60,190,164,189,182,502,340,405,"Active Biotech"
"Cash",98,139,139,156,131,465,217,376,"Active Biotech"
"Gross nominal value",0,0,0,0,0,0,0,0,"Active Biotech"
"R&D expenses",165.7,189.7,207.4,212,217.3,318.6,375.3,308,"Active Biotech"
"Total debt",358.7,256.1,258.4,255.5,249.5,242.5,236.5,230.9,"Active Biotech"
"Capex",33,91,2855,72,91,527,17,53,"Active Biotech"
"Net income",-139.2,-207.7,-181.6,-224,-221.1,-94.5,-175,-212.1,"Active Biotech"
"Short term liabilities",147,49,58,62,80,122,128,138,"Active Biotech"
"No of shares (millions)",41,49,53,65,66,69,69,74,"Active Biotech"
"Share price 31/12 (est = x cost of EQ - dividend)",77.54,58.4,31,100.75,169,22.1,55,69.5,"Active Biotech"
"Capitalization",3179,2862,1643,6549,11154,1525,3795,5143,"Active Biotech"
"Total Assets",18750,23238,29032,26206,27169,34503,34988,34938,"Alfa Laval"
"Foreign sales",18947,23862,26889,25199,23871,27710,28957,29018,"Alfa Laval"
"BV equity",6831,7937,10493,12229,13582,15144,14453,16162,"Alfa Laval"
"Cash",546,856,1083,1112,1328,1564,1404,1454,"Alfa Laval"
"Gross nominal value",6379,7179,10001,7711,6660,6500,6069,9111,"Alfa Laval"
"R&D expenses",526,643,718,654,625,648,707,732,"Alfa Laval"
"Total debt",2203,3456,3701,1947,1352,5311,6101,4662,"Alfa Laval"
"Capex",373,556,747,451,429,555,531,495,"Alfa Laval"
"Net income",1725,3180,3807,2737,3116,3251,3223,3040,"Alfa Laval"
"Short term liabilities",6742,8456,10742,7676,7954,9385,9407,10022,"Alfa Laval"
"No of shares (millions)",111.7,110.2,429.4,422,422,419.5,419.5,419.5,"Alfa Laval"
"Share price 31/12 (est = x cost of EQ - dividend)",77.25,91,67.5,99,141.7,130.3,135.3,165,"Alfa Laval"
"Capitalization",8628.8,10028.2,28984.5,41778,59797.4,54660.9,56758.4,69217.5,"Alfa Laval"
"Total Assets",68.5,84.2,59.5,79.4,88.6,109,138.8,633.9,"Arcam"
"Foreign sales",13,19,17.8,27.5,36.6,49.9,72.9,119.2,"Arcam"
"BV equity",50.7,57.3,36.1,57.8,60.3,65.7,83.6,552.9,"Arcam"
"Cash",16.1,17.8,0.1,16.1,23.2,38.3,26.9,503.3,"Arcam"
"Gross nominal value",0,0,0,0,0,0,0,0,"Arcam"
"R&D expenses",14.1,15.3,12.9,12.7,12.1,13.2,15.7,11.2,"Arcam"
"Total debt",0,0,0,0,0,0,0,0,"Arcam"
"Capex",8.2,10.6,5.3,6.5,5.7,8.2,9.2,2.8,"Arcam"
"Net income",-8.6,2.3,-20.4,-6.5,1.8,5.5,15,15.4,"Arcam"
"Short term liabilities",17.8,26.9,23.4,21.6,28.3,43.2,55.2,81,"Arcam"
"Capitalization",66.8,66.6,66.6,150.8,151.4,153.4,633,4010,"Arcam"
"Total Assets",35557,37732,44960,42618,45389,55728,60205,65763,"ASSA ABLOY B"
"Foreign sales",29702,32003,33294,33400,35018,39134,43633,45407,"ASSA ABLOY B"
"BV equity",13645,15668,18838,19334,20821,22998,26001,28813,"ASSA ABLOY B"
"Cash",1154,1138,1931,2235,1302,1665,907,362,"ASSA ABLOY B"
"Gross nominal value",6202,6064,4312,3629,4974,9936,3940,8962,"ASSA ABLOY B"
"R&D expenses",719,776,901,920,1015,1202,1344,1390,"ASSA ABLOY B"
"Total debt",13560,12953,14013,11048,10564,14207,15805,19595,"ASSA ABLOY B"
"Capex",739,751,829,664,708,846,557,1202,"ASSA ABLOY B"
"Net income",1756,3368,2438,2659,4080,3869,5172,4775,"ASSA ABLOY B"
"Short term liabilities",12380,11843,15514,9406,11120,18563,16911,16842,"ASSA ABLOY B"
"No of shares (millions)",365.9,365.9,365.9,365.9,366.2,368.3,370.9,370.9,"ASSA ABLOY B"
"Share price 31/12 (est = x cost of EQ - dividend)",149,129.75,88.5,137.8,189.5,172.6,242.9,339.8,"ASSA ABLOY B"
"Capitalization",54519,47476,32382,50421,69395,63569,90092,126032,"ASSA ABLOY B"
"Total Assets",55255,56659,75394,67874,71622,75109,80794,87891,"Atlas Copco"
"Foreign sales",49327,61810,72342,62183,68302,79347,88492,81978,"Atlas Copco"
"BV equity",32708,14640,23768,25671,29321,28839,34185,39794,"Atlas Copco"
"Cash",20135,3473,5455,12165,14264,5716,12416,17633,"Atlas Copco"
"Gross nominal value",62,692,1695,1298,321,467,458,439,"Atlas Copco"
"R&D expenses",1111,1286,1473,1410,1517,1805,2034,2117,"Atlas Copco"
"Total debt",8787,19775,21686,10906,5510,14194,9262,7504,"Atlas Copco"
"Capex",2775,2950,3628,2428,2249,3735,3950,3767,"Atlas Copco"
"Net income",15373,7469,10190,6276,9944,12988,13933,12082,"Atlas Copco"
"Short term liabilities",18497,18974,21892,18180,18899,25336,21505,24585,"Atlas Copco"
"No of shares (millions)",1254.2,1220.7,1219.1,1215.9,1215.9,1214.3,1213.8,1212.8,"Atlas Copco"
"Capitalization",138865,114630,78350,124854,201797,175271,211397,213348,"Atlas Copco"
"Total Assets",3054,4421,5857,6020,5493,5432,5599,5227,"B&B tools"
"Foreign sales",1810,2915,4330,4641,3870,3795,4057,3926,"B&B tools"
"BV equity",1085,1239,1551,1739,1769,1855,2009,2108,"B&B tools"
"Cash",276,170,226,209,209,92,85,214,"B&B tools"
"Gross nominal value",177,182,293,315,147,188,528,210,"B&B tools"
"R&D expenses",0,0,0,0,0,0,0,0,"B&B tools"
"Total debt",671,1202,2008,2179,1952,1890,1882,1519,"B&B tools"
"Capex",339,728,835,248,18,25,68,51,"B&B tools"
"Net income",209,290,432,291,134,194,227,222,"B&B tools"
"Short term liabilities",1374,1931,2238,2270,1806,1701,2287,1485,"B&B tools"
"Capitalization",3896,6085,4934,1257,3007,3228,1685,2417,"B&B tools"
"Total Assets",1218,1349,1460,1390,1976,2201,2395,2548,"Beijer alma"
"Foreign sales",1169,1332,1466,1281,1577,1897,1823,2158,"Beijer alma"
"BV equity",748,847,960,986,1395,1482,1519,1611,"Beijer alma"
"Cash",191,165,196,162,269,238,254,240,"Beijer alma"
"Gross nominal value",249.6,295.8,241,380.6,330.5,314.7,189.3,371.8,"Beijer alma"
"R&D expenses",11.9,12.5,15.4,13.9,14.1,16.2,7.6,9.2,"Beijer alma"
"Total debt",184,197.8,179.9,136,146.9,246.5,296.3,346.1,"Beijer alma"
"Capex",71,79.2,89.1,60.5,55.2,89.2,70.5,126.3,"Beijer alma"
"Net income",190,206,216,162,287,312,286,289,"Beijer alma"
"Short term liabilities",370,435,390,301,438,544,549,634,"Beijer alma"
"No of shares (millions)",27.431,27.431,27.431,27.431,29.456,30.131,30.131,30.131,"Beijer alma"
"Share price 31/12 (est = x cost of EQ - dividend)",101,69.25,54.5,91.5,160.5,114,116,177,"Beijer alma"
"Capitalization",2771,1900,1495,2510,4728,3435,3495,5333,"Beijer alma"
"Total Assets",1542,1985,2219,4007,3969,5092,5013,5109,"Beijer ref"
"Foreign sales",1742,2154,2425,4493,4661,5510,6537,6270,"Beijer ref"
"BV equity",536,727,990,2176,2359,2419,2340,2417,"Beijer ref"
"Cash",78,81,104,334,174,237,188,181,"Beijer ref"
"Gross nominal value",0,0,0,0,0,0,0,0,"Beijer ref"
"R&D expenses",2.3,7,1.9,1,1.2,0,0,0,"Beijer ref"
"Total debt",565,699,722,734,570,1399,1417,1393,"Beijer ref"
"Capex",34,290,92,1133,36.3,1005,88.3,57.6,"Beijer ref"
"Net income",109,212,255,206,259,374,306,244.2,"Beijer ref"
"Short term liabilities",1006,1258,791,1367,1296,1667,1634,1704,"Beijer ref"
"Capitalization",1350,4216,1356,3643,5947,4641,4588,5484,"Beijer ref"
"Total Assets",6064,7043,5414,4717,5078,5506,5842,6095,"Bilia"
"Foreign sales",5339,5622,5490,5330,5800,5929,6520,6082,"Bilia"
"BV equity",1684,1507,1229,1425,1739,1813,1586,1823,"Bilia"
"Cash",121,97,98,119,68,97,62,155,"Bilia"
"Gross nominal value",0,0,0,0,0,0,0,0,"Bilia"
"R&D expenses",0,0,0,0,0,0,0,0,"Bilia"
"Total debt",491,1683,1167,579,603,880,624,720,"Bilia"
"Capex",74,135,49,103,253,333,643,805,"Bilia"
"Net income",93,100,-110,114,407,420,156,290,"Bilia"
"Short term liabilities",2848,3382,2886,2203,2230,2433,2741,2861,"Bilia"
"Capitalization",2550,2200,345,1764,3222,2426,2348,4123,"Bilia"
"Total Assets",91,111,154,180,228,280,517,383,"BioGaia"
"Foreign sales",39,75,89,111,184,213,507,228,"BioGaia"
"BV equity",75,95,132,161,187,230,453,317,"BioGaia"
"Cash",40,43,58,100,147,172,375,234,"BioGaia"
"Gross nominal value",0,0,0,0,0,0,0,0,"BioGaia"
"R&D expenses",19,18,23,27,29,34,36,41,"BioGaia"
"Total debt",0,0,0,0,0,0,0,0,"BioGaia"
"Capex",1.1,2,2.4,2.9,0.7,16.1,29,17,"BioGaia"
"Net income",3,20,36,36,47,80,330,64,"BioGaia"
"Short term liabilities",16,16,22,19,41,49,36,66,"BioGaia"
"No of shares (millions)",17.2,17.2,17.2,17.2,17.3,17.3,17.3,17.3,"BioGaia"
"Share price 31/12 (est = x cost of EQ - dividend)",40.5,27.8,33.1,80,96,163,175,253.5,"BioGaia"
"Capitalization",697,478,569,1376,1661,2820,3028,4386,"BioGaia"
"Total Assets",35213,33204,30987,27635,36716,40323,40001,34409,"Boliden"
"Foreign sales",28480,25831,23139,21650,27628,32700,33279,28248,"Boliden"
"BV equity",16089,12932,16131,16257,18846,21032,22354,23075,"Boliden"
"Cash",3196,878,1204,825,821,355,1011,611,"Boliden"
"Gross nominal value",17159,6513,1731,8077,3312,10248,7796,6828,"Boliden"
"R&D expenses",215,322,377,218,286,358,429,405,"Boliden"
"Total debt",3022,6423,7538,8264,5437,7024,7358,9350,"Boliden"
"Capex",1843,2511,4621,4912,2911,3992,4151,4954,"Boliden"
"Net income",6268,3787,935,2501,3957,3389,3341,1294,"Boliden"
"Short term liabilities",5804,6784,3897,6621,7663,6918,7759,9005,"Boliden"
"No of shares (millions)",289,274,274,274,274,274,274,274,"Boliden"
"Share price 31/12 (est = x cost of EQ - dividend)",162.41,81.25,17.8,92.1,136.7,100.5,122.1,98.45,"Boliden"
"Capitalization",46936,22263,4877,25235,37456,27537,33455,26975,"Boliden"
"Total Assets",3885,3747,2995,2154,2976,2620,2438,2392,"Bure equity"
"Foreign sales",649,741,358,334,219,222,156,171,"Bure equity"
"BV equity",2737,2754,2481,1497,2330,1978,2134,2479,"Bure equity"
"Cash",252,449,789,165,684,431,491,139,"Bure equity"
"Gross nominal value",0,0,0,0,0,0,0,0,"Bure equity"
"R&D expenses",0,0,0,0,0,0,0,0,"Bure equity"
"Total debt",268,216,192,187,407,94,108,74,"Bure equity"
"Capex",0,0,0,0,0,0,0,0,"Bure equity"
"Net income",885,1047,883,46,434,55,-154,180,"Bure equity"
"Short term liabilities",723,665,300,572,285,257,290,196,"Bure equity"
"Capitalization",2098,3533,2073,1752,2940,1302,1784,2109,"Bure equity"
"Total Assets",2440,2543,2419,2584,2173,711,3443,5038,"Catena"
"Foreign sales",62,66,74,71,59,3,55,71,"Catena"
"BV equity",826,1006,806,883,845,297,735,1642,"Catena"
"Cash",63,35,45,103,57,94,0,214,"Catena"
"Gross nominal value",0,0,0,0,0,0,0,0,"Catena"
"R&D expenses",0,0,0,0,0,0,0,0,"Catena"
"Total debt",1307,1224,1354,1367,1047,306,306,3003,"Catena"
"Capex",5.7,4.5,0.9,3.3,4.1,2.7,0,1.2,"Catena"
"Net income",255,216,-132,119,349,130,220,138,"Catena"
"Short term liabilities",254,46,57,77,287,25,448,168,"Catena"
"No of shares (millions)",11.565,11.565,11.565,11.565,11.565,11.565,11.565,11.565,"Catena"
"Share price 31/12 (est = x cost of EQ - dividend)",100.75,107,60,87.75,153,57.5,63,100,"Catena"
"Capitalization",1165,1237,694,1015,1769,665,729,1157,"Catena"
"Total Assets",14506,13753,16662,14415,15281,13782,16760,11274,"Cavotec"
"Foreign sales",10763,10646,10225,10996,9981,9912,9125,9793,"Cavotec"
"BV equity",4394,5162,4822,5479,6693,6141,4800,6652,"Cavotec"
"Cash",427,661,505,515,599,458,605,504,"Cavotec"
"Gross nominal value",0,0,0,0,0,0,0,0,"Cavotec"
"R&D expenses",0,0,0,0,0,0,0,0,"Cavotec"
"Total debt",2405,1490,1519,1798,1615,3266,2358,2072,"Cavotec"
"Capex",205,244,139,208,230,283,191,130,"Cavotec"
"Net income",1908,1990,1726,2061,1825,1955,2295,2160,"Cavotec"
"Short term liabilities",4431,4477,4410,4337,5205,5370,5103,4818,"Cavotec"
"No of shares (millions)",0,0,0,0,0,0,0,0,"Cavotec"
"Share price 31/12 (est = x cost of EQ - dividend)",0,0,0,0,0,0,0,0,"Cavotec"
"Capitalization",22644,20536,25582,18177,28898,27210,23756,23447,"Cavotec"
"Total Assets",1785,1938,2192,2571,2843,3220,3056,3108,"Clas Ohlson"
"Foreign sales",1441,1756,2076,2457,2804,2956,3331,3490,"Clas Ohlson"
"BV equity",1257,1367,1500,1493,1646,1657,1844,1837,"Clas Ohlson"
"Cash",338,348,280,92,99,133,112,125,"Clas Ohlson"
"Gross nominal value",85,89,198,311,254,267.2,368,214,"Clas Ohlson"
"R&D expenses",0,0,0,0,0,0,0,0,"Clas Ohlson"
"Total debt",0,0,0,274,271,562,30,0,"Clas Ohlson"
"Capex",141,126,252,434,317,296,208,167,"Clas Ohlson"
"Net income",352,386,422,366,433,364,401,332,"Clas Ohlson"
"Short term liabilities",505,547,667,927,1006,1096,1017,1086,"Clas Ohlson"
"No of shares (millions)",65.6,65.6,65.6,65.1,64.4,63.9,63.7,63.4,"Clas Ohlson"
"Share price 31/12 (est = x cost of EQ - dividend)",149,150,98,94,128,98,99,87,"Clas Ohlson"
"Capitalization",9774,9840,6429,6119,8243,6262,6306,5516,"Clas Ohlson"
"Total Assets",5313,3514,3811,3489,3487,3681,3531,3695,"Duni"
"Foreign sales",2945,3119,3752,3893,3659,3506,3384,3512,"Duni"
"BV equity",838,1416,1544,1789,1991,2082,1985,2099,"Duni"
"Cash",193,202,249,230,122,85,181,225,"Duni"
"Gross nominal value",0,0,0,0,0,0,0,0,"Duni"
"R&D expenses",6,13,23,29,25,30,26,19,"Duni"
"Total debt",2349,1092,1151,682,530,26,576,492,"Duni"
"Capex",0,21,7,7,10,14,14,13,"Duni"
"Net income",66,571,197,336,306,261,126,267,"Duni"
"Short term liabilities",1821,787,887,802,755,1361,695,841,"Duni"
"Capitalization",2350,2350,1170,2750,2940,2540,2770,3910,"Duni"
"Total Assets",66049,66089,73323,72696,73521,76384,75194,76001,"Electrolux B"
"Foreign sales",100333,100756,101102,105733,102973,97388,106145,105218,"Electrolux B"
"BV equity",13194,16040,16385,18841,20613,17646,15726,14308,"Electrolux B"
"Cash",5475,5546,7305,9537,10389,6966,6835,6607,"Electrolux B"
"Gross nominal value",25500,32813,34381,33430,35960,39230,45280,45790,"Electrolux B"
"R&D expenses",1393,1497,1548,1621,1993,2043,2613,2739,"Electrolux B"
"Total debt",7495,11163,13946,14022,12096,14206,13088,14905,"Electrolux B"
"Net income",2648,2925,366,2607,3997,2064,2365,672,"Electrolux B"
"Short term liabilities",36304,34148,35096,35178,35897,37563,39030,40785,"Electrolux B"
"No of shares (millions)",288.8,281,283.1,284,284.6,284.7,285.9,286.2,"Electrolux B"
"Share price 31/12 (est = x cost of EQ - dividend)",137,108.5,66.75,167.5,191,109.7,170.5,168.5,"Electrolux B"
"Capitalization",39566,30489,18897,47570,54359,31232,48746,48225,"Electrolux B"
"Total Assets",18213,18467,16620,17192,10587,9789,8944,8158,"Eniro"
"Foreign sales",3600,3609,3792,3825,3089,2276,2120,1941,"Eniro"
"BV equity",5120,4051,2197,6109,3469,3028,3543,3653,"Eniro"
"Cash",478,605,319,350,450,557,198,113,"Eniro"
"Gross nominal value",0,0,0,0,0,0,0,0,"Eniro"
"R&D expenses",121,177,178,232,263,325,327,259,"Eniro"
"Total debt",9044,10264,9948,6645,3951,3535,2704,2340,"Eniro"
"Capex",146,150,220,101,65,34,23,38,"Eniro"
"Net income",1054,1305,-315,616,-4620,-184,241,232,"Eniro"
"Short term liabilities",2947,2775,3027,2739,2602,2560,2070,1762,"Eniro"
"Capitalization",16500,9400,1730,5800,2800,1100,1107,4969,"Eniro"
"Total Assets",214940,245117,285684,269809,281815,280349,274996,269190,"Ericsson B"
"Foreign sales",172012,179385,200054,202381,199111,223039,222746,222949,"Ericsson B"
"BV equity",120113,134112,140823,139870,145106,143105,136883,140214,"Ericsson B"
"Cash",62280,57716,75005,76724,87150,80542,76708,77089,"Ericsson B"
"Gross nominal value",10449,7933,34800,13328,12224,7368,12728,6497,"Ericsson B"
"R&D expenses",27533,28842,33584,33055,31558,32638,32833,32236,"Ericsson B"
"Total debt",21552,33404,40354,40653,35855,41037,38170,39280,"Ericsson B"
"Capex",3176,3180,3185,3194,3200,3211,3220,4503,"Ericsson B"
"Net income",26436,22135,11667,4127,11235,12569,5938,12174,"Ericsson B"
"Short term liabilities",23724,32389,39483,43295,38267,38050,39109,36223,"Ericsson B"
"No of shares (millions)",3174,3178,3183,3190,3197,3206,3216,3226,"Ericsson B"
"Share price 31/12 (est = x cost of EQ - dividend)",138.25,75.9,58.8,65.9,78.15,70.4,65.1,78.5,"Ericsson B"
"Capitalization",438806,241210,187160,210221,249846,225702,209362,253241,"Ericsson B"
"Total Assets",8509,8619,9926,9142,9883,8863,8610,8670,"Fagerhult"
"Foreign sales",14084,11743,13769,12320,13233,14299,14378,13648,"Fagerhult"
"BV equity",3780,3740,2895,2699,2440,2714,3699,3598,"Fagerhult"
"Cash",239,372,143,233,392,380,222,215,"Fagerhult"
"Gross nominal value",1976,1866,1473,3174,2166,1539,3260,2713,"Fagerhult"
"R&D expenses",0,0,0,0,0,0,0,0,"Fagerhult"
"Total debt",3946,3088,3856,3929,3495,3447,3956,3908,"Fagerhult"
"Capex",548,545,383,336,321,481,497,400,"Fagerhult"
"Net income",650,661,725,627,311,473,471,259,"Fagerhult"
"Short term liabilities",2227,2636,2580,2878,2280,2218,2813,2286,"Fagerhult"
"Capitalization",8723,4877,5648,11735,10806,8860,5208,10398,"Fagerhult"
"Total Assets",15877,22970,33032,37498,34585,41469,42921,44303,"Getinge B"
"Foreign sales",12534,15896,18852,22412,21817,21412,23819,24823,"Getinge B"
"BV equity",6005,6805,10890,12726,13248,14636,15200,16560,"Getinge B"
"Cash",673,894,1506,1389,1093,1207,1254,1148,"Getinge B"
"Gross nominal value",5664,7718,12193,12102,10619,11268,12144,11460,"Getinge B"
"R&D expenses",282,335,497,539,441,540,598,619,"Getinge B"
"Total debt",4609,9455,13244,16052,12656,16689,17525,17169,"Getinge B"
"Capex",165,468,642,907,588,688,959,1004,"Getinge B"
"Net income",1259,1233,1523,1914,2280,2537,2531,2295,"Getinge B"
"Short term liabilities",3304,4439,5946,5442,6473,7528,10003,10140,"Getinge B"
"No of shares (millions)",201.9,201.9,201.9,210.8,238.3,238.3,238.3,238.3,"Getinge B"
"Share price 31/12 (est = x cost of EQ - dividend)",153.5,173.5,93.5,136.3,140.9,174.4,220,220,"Getinge B"
"Capitalization",30992,35030,18878,28732,33576,41560,52426,52426,"Getinge B"
"Total Assets",35555,41734,51243,54363,59182,60188,60173,65676,"Hennes and Mauritz B"
"Foreign sales",63041,72558,82559,95070,101741,103295,114174,121910,"Hennes and Mauritz B"
"BV equity",27779,32093,36950,40613,44172,44104,43835,45248,"Hennes and Mauritz B"
"Cash",9877,16064,22726,19024,16691,14319,14148,13918,"Hennes and Mauritz B"
"Gross nominal value",3590,4479,24610,24636,21864,24103,25104,25953,"Hennes and Mauritz B"
"R&D expenses",0,0,0,0,0,0,0,0,"Hennes and Mauritz B"
"Total debt",0,0,0,0,0,0,0,0,"Hennes and Mauritz B"
"Capex",1964,3522,185,102,100,119,6071,8010,"Hennes and Mauritz B"
"Net income",10797,13588,15294,16384,18681,15821,16867,17152,"Hennes and Mauritz B"
"Short term liabilities",6996,8834,11879,11090,13847,14757,14010,17397,"Hennes and Mauritz B"
"No of shares (millions)",827.5,827.5,827.5,1655.1,1655.1,1655.1,1655.1,1655.1,"Hennes and Mauritz B"
"Share price 31/12 (est = x cost of EQ - dividend)",319,399,298,206.15,237,214,215.9,278,"Hennes and Mauritz B"
"Capitalization",263972.5,330172.5,246595,341198.865,392258.7,354191.4,357336.09,460117.8,"Hennes and Mauritz B"
"Total Assets",158904,158787,105496,143261,180858,172980,197463,238521,"Investor"
"Foreign sales",4103,4099,2459,1910,1488,10881,11698,13370,"Investor"
"BV equity",159320,155204,115233,142186,170051,156719,175106,215966,"Investor"
"Cash",5068,5010,9151,5804,2684,4312,7696,9783,"Investor"
"Gross nominal value",13388,16236,14388,17032,24301,39243,36878,44448,"Investor"
"R&D expenses",0,0,0,0,221,1334,1549,2795,"Investor"
"Total debt",18498,19300,22736,24146,42086,48845,47216,42906,"Investor"
"Capex",22693,25041,25321,30111,30036,37215,35144,32256,"Investor"
"Net income",28468,-365,-36708,31379,30631,-9229,24226,45165,"Investor"
"Short term liabilities",3040,2244,2924,3075,5770,7774,5660,4592,"Investor"
"Capitalization",127950,111244,88066,100992,107907,96028,128048,166451,"Investor"
"Total Assets",47733,62818,35871,53240,64833,70068,62632,67402,"Kinnevik"
"Foreign sales",799,805,1301,1704,2001,2410,2231,2099,"Kinnevik"
"BV equity",34422,50267,23530,41675,54425,59687,58640,65319,"Kinnevik"
"Cash",106,72,505,186,145,182,453,465,"Kinnevik"
"Gross nominal value",0,0,0,0,0,0,0,0,"Kinnevik"
"R&D expenses",74,58,58,49,76,76,53,105,"Kinnevik"
"Total debt",10207,9511,9537,8836,7725,7230,3322,1251,"Kinnevik"
"Capex",3926,530,441,535,1563,2892,7994,2088,"Kinnevik"
"Net income",11549,16179,-25762,16373,12664,5853,-2991,8429,"Kinnevik"
"Short term liabilities",2923,1698,2555,2173,1648,3830,2763,827,"Kinnevik"
"Capitalization",30358,38739,16410,29656,37971,37087,37503,82641,"Kinnevik"
"Total Assets",17685,21053,25280,20998,17478,17319,22307,28492,"Lundin Petroleum"
"Foreign sales",4326,5347,6182,6117,5742,7921,9187,7734,"Lundin Petroleum"
"BV equity",10568,11052,12827,8805,7180,6943,8466,8251,"Lundin Petroleum"
"Cash",297,483,449,550,350,477,660,604,"Lundin Petroleum"
"Gross nominal value",13456,11756,10987,4444,3909,5369,4700,5224,"Lundin Petroleum"
"R&D expenses",0,0,0,0,0,0,0,0,"Lundin Petroleum"
"Total debt",1391,2740,4340,3973,3430,1484,2926,8304,"Lundin Petroleum"
"Capex",2801,4282,4096,3946,2698,4366,6292,11320,"Lundin Petroleum"
"Net income",794,952,310,-3789,928,1005,704,475,"Lundin Petroleum"
"Short term liabilities",1245,1767,2026,1832,1374,2613,2927,3207,"Lundin Petroleum"
"No of shares (millions)",282.3,315.4,315.6,313.4,312.1,311,310.7,310,"Lundin Petroleum"
"Share price 31/12 (est = x cost of EQ - dividend)",79.5,67.5,41,56.6,83.65,169.2,149.5,125.4,"Lundin Petroleum"
"Capitalization",22443,21290,12940,17738,26107,52621,46450,38874,"Lundin Petroleum"
"Total Assets",9205,10958,19232,14651,14002,11281,18366,20463,"Modern times group B"
"Foreign sales",8302,8565,11020,10151,10301,10058,10981,11236,"Modern times group B"
"BV equity",5105,5875,8980,5381,5986,4128,4946,5136,"Modern times group B"
"Cash",646,521,975,737,500,470,371,429,"Modern times group B"
"Gross nominal value",1700,2340,4800,3999,3765,2202,4900,4678,"Modern times group B"
"R&D expenses",0,0,0,0,0,0,0,0,"Modern times group B"
"Total debt",265,515,4705,3563,2768,1575,1024,1874,"Modern times group B"
"Capex",343,327,165,159,157,120,144,319,"Modern times group B"
"Net income",1499,1428,2927,1858,2424,2567,2124,1885,"Modern times group B"
"Short term liabilities",3796,4654,4989,4796,4452,4763,4808,6080,"Modern times group B"
"No of shares (millions)",67,67,66,66,66,66,67,67,"Modern times group B"
"Share price 31/12 (est = x cost of EQ - dividend)",450,451,168,355,447,326,229,331,"Modern times group B"
"Capitalization",30168,30189,11102,23454,29521,21547,15329,22198,"Modern times group B"
"Total Assets",1710,1507,1881,1408,714,1586,1472,1402,"Mycronic"
"Foreign sales",1203,520,1194,1047,1258,1164,1325,977,"Mycronic"
"BV equity",1110,908,1213,1047,1315,1231,1168,1166,"Mycronic"
"Cash",628,451,392,277,583,536,581,487,"Mycronic"
"Gross nominal value",571,451,227,421,375,440,221,130,"Mycronic"
"R&D expenses",249.1,279,269.4,303.1,318.1,289,290,183.4,"Mycronic"
"Total debt",295.7,246.5,163.6,18.7,12.3,6.9,2.3,0,"Mycronic"
"Capex",32.4,34.1,86.4,3,2.9,9.1,0,31.4,"Mycronic"
"Net income",93,-288,-130,-182,73.7,-57,-14.6,35.9,"Mycronic"
"Short term liabilities",332,392,310,305,369,329,284,219,"Mycronic"
"No of shares (millions)",39.2,39.2,39.2,65.3,97.9,97.9,97.9,97.9,"Mycronic"
"Share price 31/12 (est = x cost of EQ - dividend)",77,32.2,5.8,14.3,17.7,11.95,10.25,12.4,"Mycronic"
"Capitalization",3018.4,1262.24,227.36,933.79,1732.83,1169.905,1003.475,1213.96,"Mycronic"
"Total Assets",65901,85435,41899,47716,89999,98530,104055,93882,"Sandvik"
"Foreign sales",69969,84121,87901,68581,78835,89851,94709,83912,"Sandvik"
"BV equity",27198,29823,36725,29957,33813,31264,32536,33610,"Sandvik"
"Cash",1745,2006,4998,7506,4783,5592,13829,5076,"Sandvik"
"Gross nominal value",9958,11000,5150,5900,6300,8456,9500,7310,"Sandvik"
"R&D expenses",1583,1818,2014,2007,2106,2421,1281,1343,"Sandvik"
"Total debt",18555,31946,22239,28765,29467,35530,40998,35424,"Sandvik"
"Capex",4175,4811,6634,4006,3378,4994,4820,4185,"Sandvik"
"Net income",8107,9594,7836,-2596,6943,5861,8107,5008,"Sandvik"
"Short term liabilities",24146,28759,14953,13789,24633,25180,24101,21585,"Sandvik"
"No of shares (millions)",1186.3,1186.3,1186.3,1186.3,1186.3,1186.3,1245.9,1254.4,"Sandvik"
"Share price 31/12 (est = x cost of EQ - dividend)",100,111,49,86,131,84,103.5,90.7,"Sandvik"
"Capitalization",118630,131679,58129,102022,155405,99649,128951,113774,"Sandvik"
"Total Assets",133544,145050,158968,149859,142978,139004,131531,142272,"SCA B"
"Foreign sales",94167,98115,103140,103806,74866,73893,79821,83328,"SCA B"
"BV equity",58299,63590,66450,67156,67255,60752,59706,63271,"SCA B"
"Cash",1599,3023,5738,5148,1866,2644,2017,3649,"SCA B"
"Gross nominal value",24625,21180,22636,26794,25051,29626,24789,26738,"SCA B"
"R&D expenses",562,595,612,738,713,832,845,998,"SCA B"
"Total debt",38601,42323,52886,44766,37297,37834,34727,38858,"SCA B"
"Capex",6607,5968,6353,5837,5017,5050,4961,5227,"SCA B"
"Net income",5467,7161,5598,4830,5592,607,5000,5564,"SCA B"
"Short term liabilities",43332,46192,38708,37597,36999,28893,32627,33960,"SCA B"
"No of shares (millions)",705.1,705.1,705.1,705.1,705.1,705.1,705.1,705.1,"SCA B"
"Share price 31/12 (est = x cost of EQ - dividend)",119.17,114.5,66.75,95.45,106.2,102,141,198,"SCA B"
"Capitalization",84027,80734,47065,67302,74882,71920,99419,139610,"SCA B"
"Total Assets",35720,39185,35718,32796,32884,36665,38457,37237,"Securitas B"
"Foreign sales",55955,57859,52957,58853,57302,59924,62232,61477,"Securitas B"
"BV equity",9602,8812,8501,8812,8935,9204,8588,9365,"Securitas B"
"Cash",1668,4351,3952,2497,2587,2507,4880,4049,"Securitas B"
"Gross nominal value",4890,4589,1666,1646,2001,2105,1386,1754,"Securitas B"
"R&D expenses",0,0,0,0,0,0,0,0,"Securitas B"
"Total debt",11945,9735,9878,9412,8387,8208,10348,9864,"Securitas B"
"Capex",666.7,838.1,977,950.7,901.9,1009.8,1039.2,804,"Securitas B"
"Net income",852,526,2321,2118,2080,1708,1174,1856,"Securitas B"
"Short term liabilities",17305,20036,17050,12797,13897,15229,17459,13395,"Securitas B"
"No of shares (millions)",376.2,369.4,365.1,365.1,365.1,365.1,365.1,365.1,"Securitas B"
"Share price 31/12 (est = x cost of EQ - dividend)",88,75,64,70.05,78.65,59.4,56.7,68.35,"Securitas B"
"Capitalization",33106,27705,23366,25575,28715,21687,20701,24955,"Securitas B"
"Total Assets",71307,78941,86869,83765,77712,82770,69715,87532,"Skanska B"
"Foreign sales",94587,102139,109234,111826,93972,88219,98290,102921,"Skanska B"
"BV equity",19337,20724,18553,20167,20792,19583,19353,21339,"Skanska B"
"Cash",10970,14209,7881,9409,6654,5309,5770,7271,"Skanska B"
"Gross nominal value",4939,5234,6204,11456,12133,10796,9785,6698,"Skanska B"
"R&D expenses",72,75,70,58,43,42,114,210,"Skanska B"
"Total debt",15441,19415,13454,15770,14845,13510,13212,14965,"Skanska B"
"Capex",2014,1966,2536,1718,2020,2206,2568,2190,"Skanska B"
"Net income",3655,4121,3157,4221,4028,7595,2861,3769,"Skanska B"
"Short term liabilities",45364,53948,62425,57879,52932,57151,59385,55273,"Skanska B"
"Capitalization",56500,51100,32200,50200,54800,46900,43700,54000,"Skanska B"
"Total Assets",46638,47102,56100,51015,54401,59374,60757,70991,"SKF B"
"Foreign sales",51999,55637,61152,54648,59129,64064,62852,61845,"SKF B"
"BV equity",19706,19009,19689,18280,19894,22455,22468,21152,"SKF B"
"Cash",7242,2946,2793,4430,2395,4825,8244,5369,"SKF B"
"Gross nominal value",5190,6100,4890,5044,8932,8744,8015,7821,"SKF B"
"R&D expenses",875,900,1175,1217,1184,1481,1607,1840,"SKF B"
"Total debt",12754,13015,18549,14994,16651,18311,19864,26084,"SKF B"
"Capex",1933,1907,2531,1975,1651,1839,1968,1746,"SKF B"
"Net income",4432,4767,4741,1705,5296,6224,4816,1044,"SKF B"
"Short term liabilities",12045,12832,14298,14375,13633,13245,13903,16741,"SKF B"
"No of shares (millions)",455.3,455.3,455.3,455.3,455.3,455.3,455.3,455.3,"SKF B"
"Share price 31/12 (est = x cost of EQ - dividend)",113.22,104.79,77.25,123.6,191.6,145.6,163.2,168.7,"SKF B"
"Capitalization",51549,47711,35172,56275,87235,66292,74305,76809,"SKF B"
"Total Assets",22795,91706,69255,60419,61054,63439,58619,55936,"SSAB A"
"Foreign sales",19765,35166,40811,22739,30966,35234,31310,28189,"SSAB A"
"BV equity",15551,29145,35193,30784,29829,30768,28769,27126,"SSAB A"
"Cash",1373,1707,2713,3652,1314,1648,3004,2124,"SSAB A"
"Gross nominal value",5339,8850,6574,4769,5496,6223,4967,5214,"SSAB A"
"R&D expenses",0,0,0,200,190,223,235,203,"SSAB A"
"Total debt",1735,45246,19957,19013,19949,20790,19645,18834,"SSAB A"
"Capex",1407,57592,2606,1902,2011,3111,1461,828,"SSAB A"
"Net income",4253,4560,6935,-1002,557,1560,15,-1066,"SSAB A"
"Short term liabilities",4938,12748,9215,8706,8985,9971,7001,9095,"SSAB A"
"No of shares (millions)",259.1,323.9,323.9,323.9,323.9,323.9,323.9,323.9,"SSAB A"
"Share price 31/12 (est = x cost of EQ - dividend)",148.69,176,68,122.1,113,60.65,56.55,49.3,"SSAB A"
"Capitalization",38526,57006,22025,39548,36601,19645,18317,15968,"SSAB A"
"Total Assets",2051,2438,3013,3151,2988,3257,4647,6014,"Sweco "
"Foreign sales",1938,2399,2532,2698,2298,2589,3586,3471,"Sweco "
"BV equity",836,950,1415,1596,1430,1504,1674,1618,"Sweco "
"Cash",256,192,321,557,377,220,367,321,"Sweco "
"Gross nominal value",0,0,0,0,0,0,0,0,"Sweco "
"R&D expenses",0,0,0,0,0,0,0,0,"Sweco "
"Total debt",106,210,161,139,137,79,776,1642,"Sweco "
"Capex",80,98,127,88,80,122,156,122,"Sweco "
"Net income",258,303,403,295,300,375,458,380,"Sweco "
"Short term liabilities",1107,1390,1464,1429,1408,1561,2140,2743,"Sweco "
"Capitalization",4422,5599,3211,4963,5394,5258,6653,9663,"Sweco "
"Total Assets",15670,16467,18355,16337,14739,14507,14371,14881,"Swedish match"
"Foreign sales",7499,7346,7770,8925,7923,5353,5763,5582,"Swedish match"
"BV equity",8253,22182,22148,23229,21578,19525,21230,22192,"Swedish match"
"Cash",3042,3439,3178,2530,3275,2533,2824,3164,"Swedish match"
"Gross nominal value",5201,7336,7336,6936,7081,6846,6104,5931,"Swedish match"
"R&D expenses",95,82,88,96,96,80,99,99,"Swedish match"
"Total debt",8691,10564,8756,9746,10958,11307,12005,9452,"Swedish match"
"Capex",290,523,319,471,311,245,251,306,"Swedish match"
"Net income",2335,2056,2261,3146,2958,2538,2907,2711,"Swedish match"
"Short term liabilities",3965,5117,4381,4440,3485,4714,4305,3774,"Swedish match"
"Capitalization",35100,39500,27800,36300,41800,49900,43500,41100,"Swedish match"
"Total Assets",66164,48648,47133,43005,42085,46864,49189,39855,"Tele2 B"
"Foreign sales",27417,27832,26899,27855,27874,27837,18039,17411,"Tele2 B"
"BV equity",29123,26849,28201,28823,28875,21452,20429,21591,"Tele2 B"
"Cash",2459,2619,1312,1250,976,834,1348,1673,"Tele2 B"
"Gross nominal value",14325,11536,3580,1400,1198,12295,14898,6837,"Tele2 B"
"R&D expenses",0,0,0,0,0,0,0,0,"Tele2 B"
"Total debt",17105,7306,9485,3249,2626,14190,16953,8751,"Tele2 B"
"Capex",5365,5198,4623,4846,4094,6095,5294,5534,"Tele2 B"
"Net income",-235,-190,1715,3446,4121,2056,976,655,"Tele2 B"
"Short term liabilities",15202,21131,7995,16013,10975,8951,11488,14587,"Tele2 B"
"No of shares (millions)",444.5,449,443.9,441.3,443,446.1,447.2,448.2,"Tele2 B"
"Share price 31/12 (est = x cost of EQ - dividend)",100,129.5,69,110.2,139.6,133.9,117.1,72.85,"Tele2 B"
"Capitalization",44450,58146,30629,48631,61843,59733,52367,32651,"Tele2 B"
"Total Assets",199392,216702,264286,269670,250551,252883,253046,252828,"TeliaSonera"
"Foreign sales",54763,60298,67695,72838,70287,68295,68183,66115,"TeliaSonera"
"BV equity",127717,127057,141448,142499,132665,122871,109106,112934,"TeliaSonera"
"Cash",11603,7802,11826,22488,15344,12600,29805,31721,"TeliaSonera"
"Gross nominal value",19827,20231,6149,7900,10905,9990,7281,7233,"TeliaSonera"
"R&D expenses",1837,1732,1178,1008,801,508,382,294,"TeliaSonera"
"Total debt",27729,43579,65799,71833,65436,79842,91587,90723,"TeliaSonera"
"Capex",11101,13531,15795,14007,14934,17384,15685,16332,"TeliaSonera"
"Net income",19283,20298,21442,21280,23562,21119,21168,16767,"TeliaSonera"
"Short term liabilities",30347,29501,41501,36293,32500,36168,35531,36668,"TeliaSonera"
"No of shares (millions)",4490.5,4490.5,4490.5,4490.5,4490.5,4367,4330.1,4330.1,"TeliaSonera"
"Share price 31/12 (est = x cost of EQ - dividend)",56.25,60.5,38.9,51.85,53.3,46.77,44.06,53.55,"TeliaSonera"
"Capitalization",252591,271675,174680,232832,239344,204245,190784,231877,"TeliaSonera"
"Total Assets",258427,321647,372419,332265,318004,353245,339165,344829,"Volvo "
"Foreign sales",245030,271418,290743,207949,252286,296259,288277,263746,"Volvo "
"BV equity",87188,75129,75046,58485,66101,76682,78321,68467,"Volvo "
"Cash",29907,30026,22575,37404,31491,35951,27146,28230,"Volvo "
"Gross nominal value",123253,40800,53789,18150,15362,26666,47796,25425,"Volvo "
"R&D expenses",8354,11059,14348,13193,12970,13276,14794,16281,"Volvo "
"Total debt",75648,118093,157432,164903,131205,137150,150368,147323,"Volvo "
"Capex",14034,14938,18292,14573,15186,20099,24685,20672,"Volvo "
"Net income",16318,15028,10016,-14685,11212,18115,11258,3802,"Volvo "
"Short term liabilities",96119,130279,155257,122581,124059,143679,129480,140316,"Volvo "
"No of shares (millions)",404.7,2025,2027,2027,2027,2027,2028,2028,"Volvo "
"Share price 31/12 (est = x cost of EQ - dividend)",90.7,108.5,42.9,61.45,118.5,75.3,88.8,84.45,"Volvo "
"Capitalization",36706,219713,86958,124559,240200,152633,180086,171265,"Volvo "
"Total Assets",2300,2796,3609,3583,3950,4123,7516,7074,"ÅF B"
"Foreign sales",823,947,1368,1623,1406,1753,1748,2098,"ÅF B"
"BV equity",1092,1339,1699,1827,2361,2450,3422,3674,"ÅF B"
"Cash",257,310,290,345,328,345,488,188,"ÅF B"
"Gross nominal value",0,0,0,0,0,0,0,0,"ÅF B"
"R&D expenses",0,0,0,0,0,0,0,0,"ÅF B"
"Total debt",303,390,462,391,294,215,1375,1487,"ÅF B"
"Capex",44,46,126,28,34,51,36,63,"ÅF B"
"Net income",108,220,328,275,717,312,353,525,"ÅF B"
"Short term liabilities",994,1180,1538,1595,1405,1376,2395,2230,"ÅF B"
"Capitalization",2377,2862,2027,3329,4743,3781,6068,8703,"ÅF B"
